"location","spray_start","spray_end","formulation","year","household_coverage","population_coverage","funder","source","source_2","spray_date","month_count","location_id","region_name","path_to_top_parent","form_short","district"
"Kabale District",2006-06-01,2006-08-20,"pyrethroid",2006,NA,NA,"USAID","https://web.archive.org/web/20061222225730/http://www.usaid.gov/fightingmalaria/countries/uganda_profile.pdf","","2006-07",-102,"zBIpPzKYFLp","Kigezi","akV6429SUqu,G0rlphd2tcD,zBIpPzKYFLp",NA,"Kabale District"
"Pader District",2007-06-01,2007-07-01,"Lambda-cyhalothrin",2007,97,NA,"PMI","https://www.ncbi.nlm.nih.gov/pmc/articles/PMC3752748/","","2007-06",-91,"aBrjuZk0W31","Acholi","akV6429SUqu,SUvODYOcaVf,aBrjuZk0W31","pyrethroid","Pader District"
"Apac District",2008-03-01,2008-05-31,"DDT",2008,92.4,91,"","https://academic.oup.com/cid/article/65/3/453/3084751","","2008-04",-81,"JyZJhGXKeEq","Lango","akV6429SUqu,DWPnYhoqza0,JyZJhGXKeEq",NA,"Apac District"
"Pader District",2008-07-01,2008-08-01,"Alpha-cypermethrin",2008,95,NA,"PMI","https://www.ncbi.nlm.nih.gov/pmc/articles/PMC3752748/","","2008-07",-78,"aBrjuZk0W31","Acholi","akV6429SUqu,SUvODYOcaVf,aBrjuZk0W31","pyrethroid","Pader District"
"Pader District",2009-01-01,2009-02-01,"Alpha-cypermethrin",2009,95,NA,"PMI","https://www.ncbi.nlm.nih.gov/pmc/articles/PMC3752748/","","2009-01",-72,"aBrjuZk0W31","Acholi","akV6429SUqu,SUvODYOcaVf,aBrjuZk0W31","pyrethroid","Pader District"
"Agago District",2010-02-23,2010-03-31,"Alpha-cypermethrin",2010,NA,NA,"","https://www.nature.com/articles/s41467-021-22896-5","","2010-03",-58,"ztIyIYAzFKp","Acholi","akV6429SUqu,SUvODYOcaVf,ztIyIYAzFKp","pyrethroid","Agago District"
"Agago District",2010-08-23,2010-09-21,"Bendiocarb",2010,NA,NA,"","https://www.nature.com/articles/s41467-021-22896-5","","2010-09",-52,"ztIyIYAzFKp","Acholi","akV6429SUqu,SUvODYOcaVf,ztIyIYAzFKp","bendio","Agago District"
"Amuru District",2010-02-23,2010-03-31,"Alpha-cypermethrin",2010,NA,NA,"","https://www.nature.com/articles/s41467-021-22896-5","","2010-03",-58,"C0RSe3EWBqU","Acholi","akV6429SUqu,SUvODYOcaVf,C0RSe3EWBqU","pyrethroid","Amuru District"
"Amuru District",2010-09-13,2010-09-30,"Bendiocarb",2010,NA,NA,"","https://www.nature.com/articles/s41467-021-22896-5","Uganda Indoor Residual Spraying (IRS) Project Quarterly Report July-September 2010","2010-09",-52,"C0RSe3EWBqU","Acholi","akV6429SUqu,SUvODYOcaVf,C0RSe3EWBqU","bendio","Amuru District"
"Apac District",2010-02-23,2010-03-31,"Alpha-cypermethrin",2010,99.9,99.9,"","https://academic.oup.com/cid/article/65/3/453/3084751","","2010-03",-58,"JyZJhGXKeEq","Lango","akV6429SUqu,DWPnYhoqza0,JyZJhGXKeEq","pyrethroid","Apac District"
"Apac District",2010-08-23,2010-09-21,"Bendiocarb",2010,99.5,99.5,"","https://academic.oup.com/cid/article/65/3/453/3084751","","2010-09",-52,"JyZJhGXKeEq","Lango","akV6429SUqu,DWPnYhoqza0,JyZJhGXKeEq","bendio","Apac District"
"Gulu District",2010-02-23,2010-03-31,"Alpha-cypermethrin",2010,NA,NA,"","https://www.nature.com/articles/s41467-021-22896-5","","2010-03",-58,"Gwk4wkLz7EW","Acholi","akV6429SUqu,SUvODYOcaVf,Gwk4wkLz7EW","pyrethroid","Gulu District"
"Gulu District",2010-09-06,2010-09-30,"Bendiocarb",2010,NA,NA,"","https://www.nature.com/articles/s41467-021-22896-5","Uganda Indoor Residual Spraying (IRS) Project Quarterly Report July-September 2010","2010-09",-52,"Gwk4wkLz7EW","Acholi","akV6429SUqu,SUvODYOcaVf,Gwk4wkLz7EW","bendio","Gulu District"
"Kitgum District",2010-02-23,2010-03-31,"Alpha-cypermethrin",2010,NA,NA,"","https://www.nature.com/articles/s41467-021-22896-5","","2010-03",-58,"pnTVIF5v27r","Acholi","akV6429SUqu,SUvODYOcaVf,pnTVIF5v27r","pyrethroid","Kitgum District"
"Kitgum District",2010-06-11,2010-08-02,"Bendiocarb",2010,NA,0.978,"","https://library.health.go.ug/sites/default/files/resources/Uganda%20Indoor%20Residual%20spraying%20project%20quarterly%20report%202010.pdf","","2010-07",-54,"pnTVIF5v27r","Acholi","akV6429SUqu,SUvODYOcaVf,pnTVIF5v27r","bendio","Kitgum District"
"Kole District",2010-02-23,2010-03-31,"Alpha-cypermethrin",2010,NA,NA,"","https://www.nature.com/articles/s41467-021-22896-5","","2010-03",-58,"Y4LV8xqkv6J","Lango","akV6429SUqu,DWPnYhoqza0,Y4LV8xqkv6J","pyrethroid","Kole District"
"Kole District",2010-08-23,2010-09-21,"Bendiocarb",2010,NA,NA,"","https://www.nature.com/articles/s41467-021-22896-5","","2010-09",-52,"Y4LV8xqkv6J","Lango","akV6429SUqu,DWPnYhoqza0,Y4LV8xqkv6J","bendio","Kole District"
"Kwania District",2010-02-23,2010-03-31,"Alpha-cypermethrin",2010,NA,NA,"","https://www.nature.com/articles/s41467-021-22896-5","","2010-03",-58,"gCN6sU5BjlR","Lango","akV6429SUqu,DWPnYhoqza0,gCN6sU5BjlR","pyrethroid","Kwania District"
"Kwania District",2010-08-23,2010-09-21,"Bendiocarb",2010,NA,NA,"","https://www.nature.com/articles/s41467-021-22896-5","","2010-09",-52,"gCN6sU5BjlR","Lango","akV6429SUqu,DWPnYhoqza0,gCN6sU5BjlR","bendio","Kwania District"
"Lamwo District",2010-02-23,2010-03-31,"Alpha-cypermethrin",2010,NA,NA,"","https://www.nature.com/articles/s41467-021-22896-5","","2010-03",-58,"xy0M4HhjXtD","Acholi","akV6429SUqu,SUvODYOcaVf,xy0M4HhjXtD","pyrethroid","Lamwo District"
"Lamwo District",2010-08-23,2010-09-21,"Bendiocarb",2010,NA,NA,"","https://www.nature.com/articles/s41467-021-22896-5","","2010-09",-52,"xy0M4HhjXtD","Acholi","akV6429SUqu,SUvODYOcaVf,xy0M4HhjXtD","bendio","Lamwo District"
"Omoro District",2010-02-23,2010-03-31,"Alpha-cypermethrin",2010,NA,NA,"","https://www.nature.com/articles/s41467-021-22896-5","","2010-03",-58,"S5fvUXgY54J","Acholi","akV6429SUqu,SUvODYOcaVf,S5fvUXgY54J","pyrethroid","Omoro District"
"Omoro District",2010-08-23,2010-09-21,"Bendiocarb",2010,NA,NA,"","https://www.nature.com/articles/s41467-021-22896-5","","2010-09",-52,"S5fvUXgY54J","Acholi","akV6429SUqu,SUvODYOcaVf,S5fvUXgY54J","bendio","Omoro District"
"Oyam District",2010-02-23,2010-03-31,"Alpha-cypermethrin",2010,NA,NA,"","https://www.nature.com/articles/s41467-021-22896-5","","2010-03",-58,"xpIFdCMhVHG","Lango","akV6429SUqu,DWPnYhoqza0,xpIFdCMhVHG","pyrethroid","Oyam District"
"Oyam District",2010-08-23,2010-09-21,"Bendiocarb",2010,NA,NA,"","https://www.nature.com/articles/s41467-021-22896-5","","2010-09",-52,"xpIFdCMhVHG","Lango","akV6429SUqu,DWPnYhoqza0,xpIFdCMhVHG","bendio","Oyam District"
"Pader District",2009-11-01,2009-12-01,"Alpha-cypermethrin",2009,99,NA,"PMI","https://www.ncbi.nlm.nih.gov/pmc/articles/PMC3752748/","","2009-11",-62,"aBrjuZk0W31","Acholi","akV6429SUqu,SUvODYOcaVf,aBrjuZk0W31","pyrethroid","Pader District"
"Agago District",2011-01-05,2011-01-30,"Bendiocarb",2011,NA,NA,"","https://www.nature.com/articles/s41467-021-22896-5","","2011-01",-48,"ztIyIYAzFKp","Acholi","akV6429SUqu,SUvODYOcaVf,ztIyIYAzFKp","bendio","Agago District"
"Agago District",2011-05-23,2011-06-20,"Bendiocarb",2011,NA,NA,"","https://www.nature.com/articles/s41467-021-22896-5","","2011-06",-43,"ztIyIYAzFKp","Acholi","akV6429SUqu,SUvODYOcaVf,ztIyIYAzFKp","bendio","Agago District"
"Agago District",2011-11-09,2011-12-10,"Bendiocarb",2011,NA,NA,"","https://www.nature.com/articles/s41467-021-22896-5","","2011-11",-38,"ztIyIYAzFKp","Acholi","akV6429SUqu,SUvODYOcaVf,ztIyIYAzFKp","bendio","Agago District"
"Amuru District",2011-01-05,2011-01-30,"Bendiocarb",2011,NA,NA,"","https://www.nature.com/articles/s41467-021-22896-5","","2011-01",-48,"C0RSe3EWBqU","Acholi","akV6429SUqu,SUvODYOcaVf,C0RSe3EWBqU","bendio","Amuru District"
"Amuru District",2011-05-23,2011-06-20,"Bendiocarb",2011,NA,NA,"","https://www.nature.com/articles/s41467-021-22896-5","","2011-06",-43,"C0RSe3EWBqU","Acholi","akV6429SUqu,SUvODYOcaVf,C0RSe3EWBqU","bendio","Amuru District"
"Amuru District",2011-11-09,2011-12-10,"Bendiocarb",2011,NA,NA,"","https://www.nature.com/articles/s41467-021-22896-5","","2011-11",-38,"C0RSe3EWBqU","Acholi","akV6429SUqu,SUvODYOcaVf,C0RSe3EWBqU","bendio","Amuru District"
"Apac District",2011-01-05,2011-01-30,"Bendiocarb",2011,99.6,99.6,"","https://academic.oup.com/cid/article/65/3/453/3084751","","2011-01",-48,"JyZJhGXKeEq","Lango","akV6429SUqu,DWPnYhoqza0,JyZJhGXKeEq","bendio","Apac District"
"Apac District",2011-05-23,2011-06-20,"Bendiocarb",2011,97.6,97.8,"","https://academic.oup.com/cid/article/65/3/453/3084751","","2011-06",-43,"JyZJhGXKeEq","Lango","akV6429SUqu,DWPnYhoqza0,JyZJhGXKeEq","bendio","Apac District"
"Apac District",2011-11-09,2011-12-10,"Bendiocarb",2011,93.1,94,"","https://academic.oup.com/cid/article/65/3/453/3084751","","2011-11",-38,"JyZJhGXKeEq","Lango","akV6429SUqu,DWPnYhoqza0,JyZJhGXKeEq","bendio","Apac District"
"Gulu District",2011-01-05,2011-01-30,"Bendiocarb",2011,NA,NA,"","https://www.nature.com/articles/s41467-021-22896-5","","2011-01",-48,"Gwk4wkLz7EW","Acholi","akV6429SUqu,SUvODYOcaVf,Gwk4wkLz7EW","bendio","Gulu District"
"Gulu District",2011-05-23,2011-06-20,"Bendiocarb",2011,NA,NA,"","https://www.nature.com/articles/s41467-021-22896-5","","2011-06",-43,"Gwk4wkLz7EW","Acholi","akV6429SUqu,SUvODYOcaVf,Gwk4wkLz7EW","bendio","Gulu District"
"Gulu District",2011-11-09,2011-12-10,"Bendiocarb",2011,NA,NA,"","https://www.nature.com/articles/s41467-021-22896-5","","2011-11",-38,"Gwk4wkLz7EW","Acholi","akV6429SUqu,SUvODYOcaVf,Gwk4wkLz7EW","bendio","Gulu District"
"Kitgum District",2011-01-05,2011-01-30,"Bendiocarb",2011,NA,NA,"","https://www.nature.com/articles/s41467-021-22896-5","","2011-01",-48,"pnTVIF5v27r","Acholi","akV6429SUqu,SUvODYOcaVf,pnTVIF5v27r","bendio","Kitgum District"
"Kitgum District",2011-05-23,2011-06-20,"Bendiocarb",2011,NA,NA,"","https://www.nature.com/articles/s41467-021-22896-5","","2011-06",-43,"pnTVIF5v27r","Acholi","akV6429SUqu,SUvODYOcaVf,pnTVIF5v27r","bendio","Kitgum District"
"Kitgum District",2011-11-09,2011-12-10,"Bendiocarb",2011,NA,NA,"","https://www.nature.com/articles/s41467-021-22896-5","","2011-11",-38,"pnTVIF5v27r","Acholi","akV6429SUqu,SUvODYOcaVf,pnTVIF5v27r","bendio","Kitgum District"
"Kole District",2011-01-05,2011-01-30,"Bendiocarb",2011,NA,NA,"","https://www.nature.com/articles/s41467-021-22896-5","","2011-01",-48,"Y4LV8xqkv6J","Lango","akV6429SUqu,DWPnYhoqza0,Y4LV8xqkv6J","bendio","Kole District"
"Kole District",2011-05-23,2011-06-20,"Bendiocarb",2011,NA,NA,"","https://www.nature.com/articles/s41467-021-22896-5","","2011-06",-43,"Y4LV8xqkv6J","Lango","akV6429SUqu,DWPnYhoqza0,Y4LV8xqkv6J","bendio","Kole District"
"Kole District",2011-11-09,2011-12-10,"Bendiocarb",2011,NA,NA,"","https://www.nature.com/articles/s41467-021-22896-5","","2011-11",-38,"Y4LV8xqkv6J","Lango","akV6429SUqu,DWPnYhoqza0,Y4LV8xqkv6J","bendio","Kole District"
"Kwania District",2011-01-05,2011-01-30,"Bendiocarb",2011,NA,NA,"","https://www.nature.com/articles/s41467-021-22896-5","","2011-01",-48,"gCN6sU5BjlR","Lango","akV6429SUqu,DWPnYhoqza0,gCN6sU5BjlR","bendio","Kwania District"
"Kwania District",2011-05-23,2011-06-20,"Bendiocarb",2011,NA,NA,"","https://www.nature.com/articles/s41467-021-22896-5","","2011-06",-43,"gCN6sU5BjlR","Lango","akV6429SUqu,DWPnYhoqza0,gCN6sU5BjlR","bendio","Kwania District"
"Kwania District",2011-11-09,2011-12-10,"Bendiocarb",2011,NA,NA,"","https://www.nature.com/articles/s41467-021-22896-5","","2011-11",-38,"gCN6sU5BjlR","Lango","akV6429SUqu,DWPnYhoqza0,gCN6sU5BjlR","bendio","Kwania District"
"Lamwo District",2011-01-05,2011-01-30,"Bendiocarb",2011,NA,NA,"","https://www.nature.com/articles/s41467-021-22896-5","","2011-01",-48,"xy0M4HhjXtD","Acholi","akV6429SUqu,SUvODYOcaVf,xy0M4HhjXtD","bendio","Lamwo District"
"Lamwo District",2011-05-23,2011-06-20,"Bendiocarb",2011,NA,NA,"","https://www.nature.com/articles/s41467-021-22896-5","","2011-06",-43,"xy0M4HhjXtD","Acholi","akV6429SUqu,SUvODYOcaVf,xy0M4HhjXtD","bendio","Lamwo District"
"Lamwo District",2011-11-09,2011-12-10,"Bendiocarb",2011,NA,NA,"","https://www.nature.com/articles/s41467-021-22896-5","","2011-11",-38,"xy0M4HhjXtD","Acholi","akV6429SUqu,SUvODYOcaVf,xy0M4HhjXtD","bendio","Lamwo District"
"Omoro District",2011-01-05,2011-01-30,"Bendiocarb",2011,NA,NA,"","https://www.nature.com/articles/s41467-021-22896-5","","2011-01",-48,"S5fvUXgY54J","Acholi","akV6429SUqu,SUvODYOcaVf,S5fvUXgY54J","bendio","Omoro District"
"Omoro District",2011-05-23,2011-06-20,"Bendiocarb",2011,NA,NA,"","https://www.nature.com/articles/s41467-021-22896-5","","2011-06",-43,"S5fvUXgY54J","Acholi","akV6429SUqu,SUvODYOcaVf,S5fvUXgY54J","bendio","Omoro District"
"Omoro District",2011-11-09,2011-12-10,"Bendiocarb",2011,NA,NA,"","https://www.nature.com/articles/s41467-021-22896-5","","2011-11",-38,"S5fvUXgY54J","Acholi","akV6429SUqu,SUvODYOcaVf,S5fvUXgY54J","bendio","Omoro District"
"Oyam District",2011-01-05,2011-01-30,"Bendiocarb",2011,NA,NA,"","https://www.nature.com/articles/s41467-021-22896-5","","2011-01",-48,"xpIFdCMhVHG","Lango","akV6429SUqu,DWPnYhoqza0,xpIFdCMhVHG","bendio","Oyam District"
"Oyam District",2011-05-23,2011-06-20,"Bendiocarb",2011,NA,NA,"","https://www.nature.com/articles/s41467-021-22896-5","","2011-06",-43,"xpIFdCMhVHG","Lango","akV6429SUqu,DWPnYhoqza0,xpIFdCMhVHG","bendio","Oyam District"
"Oyam District",2011-11-09,2011-12-10,"Bendiocarb",2011,NA,NA,"","https://www.nature.com/articles/s41467-021-22896-5","","2011-11",-38,"xpIFdCMhVHG","Lango","akV6429SUqu,DWPnYhoqza0,xpIFdCMhVHG","bendio","Oyam District"
"Agago District",2012-04-23,2012-06-02,"Bendiocarb",2012,NA,NA,"","https://www.nature.com/articles/s41467-021-22896-5","","2012-05",-32,"ztIyIYAzFKp","Acholi","akV6429SUqu,SUvODYOcaVf,ztIyIYAzFKp","bendio","Agago District"
"Agago District",2012-10-22,2012-11-30,"Bendiocarb",2012,NA,NA,"","https://www.nature.com/articles/s41467-021-22896-5","","2012-11",-26,"ztIyIYAzFKp","Acholi","akV6429SUqu,SUvODYOcaVf,ztIyIYAzFKp","bendio","Agago District"
"Amuru District",2012-04-23,2012-06-02,"Bendiocarb",2012,NA,NA,"","https://www.nature.com/articles/s41467-021-22896-5","","2012-05",-32,"C0RSe3EWBqU","Acholi","akV6429SUqu,SUvODYOcaVf,C0RSe3EWBqU","bendio","Amuru District"
"Amuru District",2012-10-22,2012-11-30,"Bendiocarb",2012,NA,NA,"","https://www.nature.com/articles/s41467-021-22896-5","","2012-11",-26,"C0RSe3EWBqU","Acholi","akV6429SUqu,SUvODYOcaVf,C0RSe3EWBqU","bendio","Amuru District"
"Apac District",2012-04-23,2012-06-02,"Bendiocarb",2012,90.3,90.4,"","https://academic.oup.com/cid/article/65/3/453/3084751","","2012-05",-32,"JyZJhGXKeEq","Lango","akV6429SUqu,DWPnYhoqza0,JyZJhGXKeEq","bendio","Apac District"
"Apac District",2012-10-22,2012-11-30,"Bendiocarb",2012,92.3,93.2,"","https://academic.oup.com/cid/article/65/3/453/3084751","","2012-11",-26,"JyZJhGXKeEq","Lango","akV6429SUqu,DWPnYhoqza0,JyZJhGXKeEq","bendio","Apac District"
"Gulu District",2012-04-23,2012-06-02,"Bendiocarb",2012,NA,NA,"","https://www.nature.com/articles/s41467-021-22896-5","","2012-05",-32,"Gwk4wkLz7EW","Acholi","akV6429SUqu,SUvODYOcaVf,Gwk4wkLz7EW","bendio","Gulu District"
"Gulu District",2012-10-22,2012-11-30,"Bendiocarb",2012,NA,NA,"","https://www.nature.com/articles/s41467-021-22896-5","","2012-11",-26,"Gwk4wkLz7EW","Acholi","akV6429SUqu,SUvODYOcaVf,Gwk4wkLz7EW","bendio","Gulu District"
"Kitgum District",2012-04-23,2012-06-02,"Bendiocarb",2012,NA,NA,"","https://www.nature.com/articles/s41467-021-22896-5","","2012-05",-32,"pnTVIF5v27r","Acholi","akV6429SUqu,SUvODYOcaVf,pnTVIF5v27r","bendio","Kitgum District"
"Kitgum District",2012-10-22,2012-11-30,"Bendiocarb",2012,NA,NA,"","https://www.nature.com/articles/s41467-021-22896-5","","2012-11",-26,"pnTVIF5v27r","Acholi","akV6429SUqu,SUvODYOcaVf,pnTVIF5v27r","bendio","Kitgum District"
"Kole District",2012-04-23,2012-06-02,"Bendiocarb",2012,NA,NA,"","https://www.nature.com/articles/s41467-021-22896-5","","2012-05",-32,"Y4LV8xqkv6J","Lango","akV6429SUqu,DWPnYhoqza0,Y4LV8xqkv6J","bendio","Kole District"
"Kole District",2012-10-22,2012-11-30,"Bendiocarb",2012,NA,NA,"","https://www.nature.com/articles/s41467-021-22896-5","","2012-11",-26,"Y4LV8xqkv6J","Lango","akV6429SUqu,DWPnYhoqza0,Y4LV8xqkv6J","bendio","Kole District"
"Kwania District",2012-04-23,2012-06-02,"Bendiocarb",2012,NA,NA,"","https://www.nature.com/articles/s41467-021-22896-5","","2012-05",-32,"gCN6sU5BjlR","Lango","akV6429SUqu,DWPnYhoqza0,gCN6sU5BjlR","bendio","Kwania District"
"Kwania District",2012-10-22,2012-11-30,"Bendiocarb",2012,NA,NA,"","https://www.nature.com/articles/s41467-021-22896-5","","2012-11",-26,"gCN6sU5BjlR","Lango","akV6429SUqu,DWPnYhoqza0,gCN6sU5BjlR","bendio","Kwania District"
"Lamwo District",2012-04-23,2012-06-02,"Bendiocarb",2012,NA,NA,"","https://www.nature.com/articles/s41467-021-22896-5","","2012-05",-32,"xy0M4HhjXtD","Acholi","akV6429SUqu,SUvODYOcaVf,xy0M4HhjXtD","bendio","Lamwo District"
"Lamwo District",2012-10-22,2012-11-30,"Bendiocarb",2012,NA,NA,"","https://www.nature.com/articles/s41467-021-22896-5","","2012-11",-26,"xy0M4HhjXtD","Acholi","akV6429SUqu,SUvODYOcaVf,xy0M4HhjXtD","bendio","Lamwo District"
"Omoro District",2012-04-23,2012-06-02,"Bendiocarb",2012,NA,NA,"","https://www.nature.com/articles/s41467-021-22896-5","","2012-05",-32,"S5fvUXgY54J","Acholi","akV6429SUqu,SUvODYOcaVf,S5fvUXgY54J","bendio","Omoro District"
"Omoro District",2012-10-22,2012-11-30,"Bendiocarb",2012,NA,NA,"","https://www.nature.com/articles/s41467-021-22896-5","","2012-11",-26,"S5fvUXgY54J","Acholi","akV6429SUqu,SUvODYOcaVf,S5fvUXgY54J","bendio","Omoro District"
"Oyam District",2012-04-23,2012-06-02,"Bendiocarb",2012,NA,NA,"","https://www.nature.com/articles/s41467-021-22896-5","","2012-05",-32,"xpIFdCMhVHG","Lango","akV6429SUqu,DWPnYhoqza0,xpIFdCMhVHG","bendio","Oyam District"
"Oyam District",2012-10-22,2012-11-30,"Bendiocarb",2012,NA,NA,"","https://www.nature.com/articles/s41467-021-22896-5","","2012-11",-26,"xpIFdCMhVHG","Lango","akV6429SUqu,DWPnYhoqza0,xpIFdCMhVHG","bendio","Oyam District"
"Agago District",2013-04-02,2013-05-25,"Bendiocarb",2013,NA,NA,"","https://www.nature.com/articles/s41467-021-22896-5","","2013-04",-21,"ztIyIYAzFKp","Acholi","akV6429SUqu,SUvODYOcaVf,ztIyIYAzFKp","bendio","Agago District"
"Agago District",2013-11-04,2013-12-07,"Bendiocarb",2013,NA,NA,"","https://www.nature.com/articles/s41467-021-22896-5","","2013-11",-14,"ztIyIYAzFKp","Acholi","akV6429SUqu,SUvODYOcaVf,ztIyIYAzFKp","bendio","Agago District"
"Amuru District",2013-04-02,2013-05-25,"Bendiocarb",2013,NA,NA,"","https://www.nature.com/articles/s41467-021-22896-5","","2013-04",-21,"C0RSe3EWBqU","Acholi","akV6429SUqu,SUvODYOcaVf,C0RSe3EWBqU","bendio","Amuru District"
"Amuru District",2013-11-04,2013-12-07,"Bendiocarb",2013,NA,NA,"","https://www.nature.com/articles/s41467-021-22896-5","","2013-11",-14,"C0RSe3EWBqU","Acholi","akV6429SUqu,SUvODYOcaVf,C0RSe3EWBqU","bendio","Amuru District"
"Apac District",2013-04-02,2013-05-25,"Bendiocarb",2013,97.5,96.6,"","https://academic.oup.com/cid/article/65/3/453/3084751","","2013-04",-21,"JyZJhGXKeEq","Lango","akV6429SUqu,DWPnYhoqza0,JyZJhGXKeEq","bendio","Apac District"
"Apac District",2013-11-04,2013-12-07,"Bendiocarb",2013,92.7,93.5,"","https://academic.oup.com/cid/article/65/3/453/3084751","","2013-11",-14,"JyZJhGXKeEq","Lango","akV6429SUqu,DWPnYhoqza0,JyZJhGXKeEq","bendio","Apac District"
"Gulu District",2013-04-02,2013-05-25,"Bendiocarb",2013,NA,NA,"","https://www.nature.com/articles/s41467-021-22896-5","","2013-04",-21,"Gwk4wkLz7EW","Acholi","akV6429SUqu,SUvODYOcaVf,Gwk4wkLz7EW","bendio","Gulu District"
"Gulu District",2013-11-04,2013-12-07,"Bendiocarb",2013,NA,NA,"","https://www.nature.com/articles/s41467-021-22896-5","","2013-11",-14,"Gwk4wkLz7EW","Acholi","akV6429SUqu,SUvODYOcaVf,Gwk4wkLz7EW","bendio","Gulu District"
"Kitgum District",2013-04-02,2013-05-25,"Bendiocarb",2013,NA,NA,"","https://www.nature.com/articles/s41467-021-22896-5","","2013-04",-21,"pnTVIF5v27r","Acholi","akV6429SUqu,SUvODYOcaVf,pnTVIF5v27r","bendio","Kitgum District"
"Kitgum District",2013-11-04,2013-12-07,"Bendiocarb",2013,NA,NA,"","https://www.nature.com/articles/s41467-021-22896-5","","2013-11",-14,"pnTVIF5v27r","Acholi","akV6429SUqu,SUvODYOcaVf,pnTVIF5v27r","bendio","Kitgum District"
"Kole District",2013-04-02,2013-05-25,"Bendiocarb",2013,NA,NA,"","https://www.nature.com/articles/s41467-021-22896-5","","2013-04",-21,"Y4LV8xqkv6J","Lango","akV6429SUqu,DWPnYhoqza0,Y4LV8xqkv6J","bendio","Kole District"
"Kole District",2013-11-04,2013-12-07,"Bendiocarb",2013,NA,NA,"","https://www.nature.com/articles/s41467-021-22896-5","","2013-11",-14,"Y4LV8xqkv6J","Lango","akV6429SUqu,DWPnYhoqza0,Y4LV8xqkv6J","bendio","Kole District"
"Kwania District",2013-04-02,2013-05-25,"Bendiocarb",2013,NA,NA,"","https://www.nature.com/articles/s41467-021-22896-5","","2013-04",-21,"gCN6sU5BjlR","Lango","akV6429SUqu,DWPnYhoqza0,gCN6sU5BjlR","bendio","Kwania District"
"Kwania District",2013-11-04,2013-12-07,"Bendiocarb",2013,NA,NA,"","https://www.nature.com/articles/s41467-021-22896-5","","2013-11",-14,"gCN6sU5BjlR","Lango","akV6429SUqu,DWPnYhoqza0,gCN6sU5BjlR","bendio","Kwania District"
"Lamwo District",2013-04-02,2013-05-25,"Bendiocarb",2013,NA,NA,"","https://www.nature.com/articles/s41467-021-22896-5","","2013-04",-21,"xy0M4HhjXtD","Acholi","akV6429SUqu,SUvODYOcaVf,xy0M4HhjXtD","bendio","Lamwo District"
"Lamwo District",2013-11-04,2013-12-07,"Bendiocarb",2013,NA,NA,"","https://www.nature.com/articles/s41467-021-22896-5","","2013-11",-14,"xy0M4HhjXtD","Acholi","akV6429SUqu,SUvODYOcaVf,xy0M4HhjXtD","bendio","Lamwo District"
"Omoro District",2013-04-02,2013-05-25,"Bendiocarb",2013,NA,NA,"","https://www.nature.com/articles/s41467-021-22896-5","","2013-04",-21,"S5fvUXgY54J","Acholi","akV6429SUqu,SUvODYOcaVf,S5fvUXgY54J","bendio","Omoro District"
"Omoro District",2013-11-04,2013-12-07,"Bendiocarb",2013,NA,NA,"","https://www.nature.com/articles/s41467-021-22896-5","","2013-11",-14,"S5fvUXgY54J","Acholi","akV6429SUqu,SUvODYOcaVf,S5fvUXgY54J","bendio","Omoro District"
"Oyam District",2013-04-02,2013-05-25,"Bendiocarb",2013,NA,NA,"","https://www.nature.com/articles/s41467-021-22896-5","","2013-04",-21,"xpIFdCMhVHG","Lango","akV6429SUqu,DWPnYhoqza0,xpIFdCMhVHG","bendio","Oyam District"
"Oyam District",2013-11-04,2013-12-07,"Bendiocarb",2013,NA,NA,"","https://www.nature.com/articles/s41467-021-22896-5","","2013-11",-14,"xpIFdCMhVHG","Lango","akV6429SUqu,DWPnYhoqza0,xpIFdCMhVHG","bendio","Oyam District"
"Agago District",2014-04-22,2014-05-23,"Bendiocarb",2014,NA,NA,"","https://www.nature.com/articles/s41467-021-22896-5","","2014-05",-8,"ztIyIYAzFKp","Acholi","akV6429SUqu,SUvODYOcaVf,ztIyIYAzFKp","bendio","Agago District"
"Agago District",2014-10-20,2014-11-14,"Bendiocarb",2014,NA,0.929,"","https://web.archive.org/web/20250202204856/https://pdf.usaid.gov/pdf_docs/PA00MV8B.pdf","","2014-11",-2,"ztIyIYAzFKp","Acholi","akV6429SUqu,SUvODYOcaVf,ztIyIYAzFKp","bendio","Agago District"
"Alebtong District",2014-12-08,2015-02-19,"Bendiocarb",2015,0.561,0.64,"","https://journals.plos.org/globalpublichealth/article?id=10.1371/journal.pgph.0000676","","2015-01",0,"p7EEgDEX3jT","Lango","akV6429SUqu,DWPnYhoqza0,p7EEgDEX3jT","bendio","Alebtong District"
"Amolatar District",2014-12-08,2015-02-19,"Bendiocarb",2015,0.547,0.681,"","https://journals.plos.org/globalpublichealth/article?id=10.1371/journal.pgph.0000676","","2015-01",0,"ZuQHWOaFQVM","Lango","akV6429SUqu,DWPnYhoqza0,ZuQHWOaFQVM","bendio","Amolatar District"
"Amuru District",2014-04-22,2014-05-23,"Bendiocarb",2014,NA,NA,"","https://www.nature.com/articles/s41467-021-22896-5","","2014-05",-8,"C0RSe3EWBqU","Acholi","akV6429SUqu,SUvODYOcaVf,C0RSe3EWBqU","bendio","Amuru District"
"Apac District",2014-03-31,2014-04-30,"Bendiocarb",2014,92.6,91.3,"","https://academic.oup.com/cid/article/65/3/453/3084751","https://web.archive.org/web/20250202114537/https://pdf.usaid.gov/pdf_docs/PA00N5GV.pdf","2014-04",-9,"JyZJhGXKeEq","Lango","akV6429SUqu,DWPnYhoqza0,JyZJhGXKeEq","bendio","Apac District"
"Dokolo District",2014-12-08,2015-02-19,"Bendiocarb",2015,0.539,0.696,"","https://journals.plos.org/globalpublichealth/article?id=10.1371/journal.pgph.0000676","","2015-01",0,"wMQ25dybdgH","Lango","akV6429SUqu,DWPnYhoqza0,wMQ25dybdgH","bendio","Dokolo District"
"Gulu District",2014-04-22,2014-05-23,"Bendiocarb",2014,NA,NA,"","https://www.nature.com/articles/s41467-021-22896-5","","2014-05",-8,"Gwk4wkLz7EW","Acholi","akV6429SUqu,SUvODYOcaVf,Gwk4wkLz7EW","bendio","Gulu District"
"Gulu District",2014-10-20,2014-11-14,"Bendiocarb",2014,NA,0.906,"","https://web.archive.org/web/20250202204856/https://pdf.usaid.gov/pdf_docs/PA00MV8B.pdf","","2014-11",-2,"Gwk4wkLz7EW","Acholi","akV6429SUqu,SUvODYOcaVf,Gwk4wkLz7EW","bendio","Gulu District"
"Kaberamaido District",2014-12-08,2015-02-19,"Bendiocarb",2015,0.711,0.791,"","https://web.archive.org/web/20250202204856/https://pdf.usaid.gov/pdf_docs/PA00MV8B.pdf","","2015-01",0,"QoRZB7xc3j9","Teso","akV6429SUqu,r0GhWtmPHDj,QoRZB7xc3j9","bendio","Kaberamaido District"
"Kitgum District",2014-04-22,2014-05-23,"Bendiocarb",2014,NA,NA,"","https://www.nature.com/articles/s41467-021-22896-5","","2014-05",-8,"pnTVIF5v27r","Acholi","akV6429SUqu,SUvODYOcaVf,pnTVIF5v27r","bendio","Kitgum District"
"Kole District",2014-04-22,2014-05-23,"Bendiocarb",2014,NA,NA,"","https://www.nature.com/articles/s41467-021-22896-5","","2014-05",-8,"Y4LV8xqkv6J","Lango","akV6429SUqu,DWPnYhoqza0,Y4LV8xqkv6J","bendio","Kole District"
"Kole District",2014-10-20,2014-11-14,"Bendiocarb",2014,NA,0.931,"","https://web.archive.org/web/20250202204856/https://pdf.usaid.gov/pdf_docs/PA00MV8B.pdf","","2014-11",-2,"Y4LV8xqkv6J","Lango","akV6429SUqu,DWPnYhoqza0,Y4LV8xqkv6J","bendio","Kole District"
"Kwania District",2014-04-22,2014-05-23,"Bendiocarb",2014,NA,NA,"","https://www.nature.com/articles/s41467-021-22896-5","","2014-05",-8,"gCN6sU5BjlR","Lango","akV6429SUqu,DWPnYhoqza0,gCN6sU5BjlR","bendio","Kwania District"
"Lamwo District",2014-04-22,2014-05-23,"Bendiocarb",2014,NA,NA,"","https://www.nature.com/articles/s41467-021-22896-5","","2014-05",-8,"xy0M4HhjXtD","Acholi","akV6429SUqu,SUvODYOcaVf,xy0M4HhjXtD","bendio","Lamwo District"
"Alebtong District",2015-06-08,2015-06-12,"Bendiocarb",2015,96.9,NA,"","https://journals.plos.org/globalpublichealth/article?id=10.1371/journal.pgph.0000676","","2015-06",5,"p7EEgDEX3jT","Lango","akV6429SUqu,DWPnYhoqza0,p7EEgDEX3jT","bendio","Alebtong District"
"Amolatar District",2015-06-08,2015-06-12,"Bendiocarb",2015,96.1,NA,"","https://journals.plos.org/globalpublichealth/article?id=10.1371/journal.pgph.0000676","","2015-06",5,"ZuQHWOaFQVM","Lango","akV6429SUqu,DWPnYhoqza0,ZuQHWOaFQVM","bendio","Amolatar District"
"Dokolo District",2015-06-08,2015-06-12,"Bendiocarb",2015,88.7,NA,"","https://journals.plos.org/globalpublichealth/article?id=10.1371/journal.pgph.0000676","","2015-06",5,"wMQ25dybdgH","Lango","akV6429SUqu,DWPnYhoqza0,wMQ25dybdgH","bendio","Dokolo District"
"Otuke District",2015-06-08,2015-06-12,"Bendiocarb",2015,96.6,NA,"","https://journals.plos.org/globalpublichealth/article?id=10.1371/journal.pgph.0000676","","2015-06",5,"aXjub1BYn1y","Lango","akV6429SUqu,DWPnYhoqza0,aXjub1BYn1y","bendio","Otuke District"
"Tororo District",2015-06-08,2015-06-12,"Bendiocarb",2015,94.6,NA,"PMI","https://journals.plos.org/globalpublichealth/article?id=10.1371/journal.pgph.0000676","","2015-06",5,"KhT80mlwJ3Y","Bukedi","akV6429SUqu,QBPg7KKCeoA,KhT80mlwJ3Y","bendio","Tororo District"
"Alebtong District",2015-10-12,2015-11-07,"Bendiocarb",2015,95.4,NA,"","https://journals.plos.org/globalpublichealth/article?id=10.1371/journal.pgph.0000676","","2015-10",9,"p7EEgDEX3jT","Lango","akV6429SUqu,DWPnYhoqza0,p7EEgDEX3jT","bendio","Alebtong District"
"Amolatar District",2015-10-12,2015-11-07,"Bendiocarb",2015,91.4,NA,"","https://journals.plos.org/globalpublichealth/article?id=10.1371/journal.pgph.0000676","","2015-10",9,"ZuQHWOaFQVM","Lango","akV6429SUqu,DWPnYhoqza0,ZuQHWOaFQVM","bendio","Amolatar District"
"Dokolo District",2015-10-12,2015-11-07,"Bendiocarb",2015,92.1,NA,"","https://journals.plos.org/globalpublichealth/article?id=10.1371/journal.pgph.0000676","","2015-10",9,"wMQ25dybdgH","Lango","akV6429SUqu,DWPnYhoqza0,wMQ25dybdgH","bendio","Dokolo District"
"Otuke District",2015-11-02,2015-12-12,"Bendiocarb",2015,94.8,NA,"","https://journals.plos.org/globalpublichealth/article?id=10.1371/journal.pgph.0000676","","2015-11",10,"aXjub1BYn1y","Lango","akV6429SUqu,DWPnYhoqza0,aXjub1BYn1y","bendio","Otuke District"
"Tororo District",2015-11-02,2015-12-12,"Bendiocarb",2015,96.3,NA,"PMI","https://journals.plos.org/globalpublichealth/article?id=10.1371/journal.pgph.0000676","","2015-11",10,"KhT80mlwJ3Y","Bukedi","akV6429SUqu,QBPg7KKCeoA,KhT80mlwJ3Y","bendio","Tororo District"
"Dokolo District",2016-04-18,2016-06-09,"Actellic",2016,94.8,NA,"","https://journals.plos.org/globalpublichealth/article?id=10.1371/journal.pgph.0000676","","2016-05",16,"wMQ25dybdgH","Lango","akV6429SUqu,DWPnYhoqza0,wMQ25dybdgH","actellic","Dokolo District"
"Otuke District",2016-04-18,2016-06-09,"Actellic",2016,97.6,NA,"","https://journals.plos.org/globalpublichealth/article?id=10.1371/journal.pgph.0000676","","2016-05",16,"aXjub1BYn1y","Lango","akV6429SUqu,DWPnYhoqza0,aXjub1BYn1y","actellic","Otuke District"
"Butaleja District",2016-04-18,2016-06-09,"Actellic",2016,NA,NA,"","USAID report (summarized by AI because currently unavailable- double check if reports ever become available)","","2016-05",16,"MtpE3CH6vq3","Bukedi","akV6429SUqu,QBPg7KKCeoA,MtpE3CH6vq3","actellic","Butaleja District"
"Kaberamaido District",2016-04-18,2016-06-09,"Actellic",2016,NA,NA,"","USAID report (summarized by AI because currently unavailable- double check if reports ever become available)","","2016-05",16,"QoRZB7xc3j9","Teso","akV6429SUqu,r0GhWtmPHDj,QoRZB7xc3j9","actellic","Kaberamaido District"
"Kibuku District",2016-04-18,2016-06-09,"Actellic",2016,NA,NA,"","USAID report (summarized by AI because currently unavailable- double check if reports ever become available)","","2016-05",16,"Oyxwe3iDqpR","Bukedi","akV6429SUqu,QBPg7KKCeoA,Oyxwe3iDqpR","actellic","Kibuku District"
"Lira District",2016-04-18,2016-06-09,"Actellic",2016,NA,NA,"","USAID report (summarized by AI because currently unavailable- double check if reports ever become available)","","2016-05",16,"Lj8t70RYnEt","Lango","akV6429SUqu,DWPnYhoqza0,Lj8t70RYnEt","actellic","Lira District"
"Namutumba District",2016-04-18,2016-06-09,"Actellic",2016,NA,NA,"","USAID report (summarized by AI because currently unavailable- double check if reports ever become available)","","2016-05",16,"esIUe2tQAtL","Busoga","akV6429SUqu,Wd1lV9Qdj4o,esIUe2tQAtL","actellic","Namutumba District"
"Pallisa District",2016-04-18,2016-06-09,"Actellic",2016,NA,NA,"","USAID report (summarized by AI because currently unavailable- double check if reports ever become available)","","2016-05",16,"WiVj4bEhX4P","Bukedi","akV6429SUqu,QBPg7KKCeoA,WiVj4bEhX4P","actellic","Pallisa District"
"Tororo District",2016-06-12,2016-07-09,"Actellic",2016,93,NA,"PMI","https://journals.plos.org/globalpublichealth/article?id=10.1371/journal.pgph.0000676","","2016-06",17,"KhT80mlwJ3Y","Bukedi","akV6429SUqu,QBPg7KKCeoA,KhT80mlwJ3Y","actellic","Tororo District"
"Alebtong District",2016-10-24,2016-11-19,"Bendiocarb",2016,97.5,NA,"","https://journals.plos.org/globalpublichealth/article?id=10.1371/journal.pgph.0000676","","2016-11",22,"p7EEgDEX3jT","Lango","akV6429SUqu,DWPnYhoqza0,p7EEgDEX3jT","bendio","Alebtong District"
"Amolatar District",2016-10-24,2016-11-19,"Bendiocarb",2016,94.1,NA,"","https://journals.plos.org/globalpublichealth/article?id=10.1371/journal.pgph.0000676","","2016-11",22,"ZuQHWOaFQVM","Lango","akV6429SUqu,DWPnYhoqza0,ZuQHWOaFQVM","bendio","Amolatar District"
"Budaka District",2016-10-24,2016-11-19,"Actellic",2016,NA,NA,"","USAID report (summarized by AI because currently unavailable- double check if reports ever become available)-","","2016-11",22,"kb7iUQISRlx","Bukedi","akV6429SUqu,QBPg7KKCeoA,kb7iUQISRlx","actellic","Budaka District"
"Lira District",2014-12-08,2015-02-19,"Bendiocarb",2015,0.609,0.809,"","https://web.archive.org/web/20250202204856/https://pdf.usaid.gov/pdf_docs/PA00MV8B.pdf","","2015-01",0,"Lj8t70RYnEt","Lango","akV6429SUqu,DWPnYhoqza0,Lj8t70RYnEt","bendio","Lira District"
"Omoro District",2014-04-22,2014-05-23,"Bendiocarb",2014,NA,NA,"","https://www.nature.com/articles/s41467-021-22896-5","","2014-05",-8,"S5fvUXgY54J","Acholi","akV6429SUqu,SUvODYOcaVf,S5fvUXgY54J","bendio","Omoro District"
"Otuke District",2014-12-08,2015-02-19,"Bendiocarb",2015,0.648,0.801,"","https://journals.plos.org/globalpublichealth/article?id=10.1371/journal.pgph.0000676","","2015-01",0,"aXjub1BYn1y","Lango","akV6429SUqu,DWPnYhoqza0,aXjub1BYn1y","bendio","Otuke District"
"Oyam District",2014-04-22,2014-05-23,"Bendiocarb",2014,NA,NA,"","https://www.nature.com/articles/s41467-021-22896-5","","2014-05",-8,"xpIFdCMhVHG","Lango","akV6429SUqu,DWPnYhoqza0,xpIFdCMhVHG","bendio","Oyam District"
"Oyam District",2014-10-20,2014-11-14,"Bendiocarb",2014,NA,0.907,"","https://web.archive.org/web/20250202204856/https://pdf.usaid.gov/pdf_docs/PA00MV8B.pdf","","2014-11",-2,"xpIFdCMhVHG","Lango","akV6429SUqu,DWPnYhoqza0,xpIFdCMhVHG","bendio","Oyam District"
"Pader District",2010-06-01,2010-08-17,"Bendiocarb",2010,98.8,NA,"","https://www.ncbi.nlm.nih.gov/pmc/articles/PMC3752748/","Uganda Indoor Residual Spraying (IRS) Project Quarterly Report July-September 2010","2010-07",-54,"aBrjuZk0W31","Acholi","akV6429SUqu,SUvODYOcaVf,aBrjuZk0W31","bendio","Pader District"
"Tororo District",2014-12-08,2015-02-19,"Bendiocarb",2015,0.854,0.963,"PMI","https://journals.plos.org/globalpublichealth/article?id=10.1371/journal.pgph.0000676","","2015-01",0,"KhT80mlwJ3Y","Bukedi","akV6429SUqu,QBPg7KKCeoA,KhT80mlwJ3Y","bendio","Tororo District"
"Nwoya District",2014-03-31,2014-04-30,"Bendiocarb",2014,NA,NA,"","Wayback Machine","","2014-04",-9,"zNgVoDVPYgD","Acholi","akV6429SUqu,SUvODYOcaVf,zNgVoDVPYgD","bendio","Nwoya District"
"Budaka District",2015-10-12,2015-12-12,"Bendiocarb",2015,NA,NA,"","","","2015-11",10,"kb7iUQISRlx","Bukedi","akV6429SUqu,QBPg7KKCeoA,kb7iUQISRlx","bendio","Budaka District"
"Kibuku District",2015-10-12,2015-12-12,"Bendiocarb",2015,NA,NA,"","","","2015-11",10,"Oyxwe3iDqpR","Bukedi","akV6429SUqu,QBPg7KKCeoA,Oyxwe3iDqpR","bendio","Kibuku District"
"Bugiri District",2015-10-12,2015-12-12,"Bendiocarb",2015,NA,NA,"","","","2015-11",10,"gUaoj8Geuao","Busoga","akV6429SUqu,Wd1lV9Qdj4o,gUaoj8Geuao","bendio","Bugiri District"
"Butaleja District",2015-10-12,2015-12-12,"Bendiocarb",2015,NA,NA,"","","","2015-11",10,"MtpE3CH6vq3","Bukedi","akV6429SUqu,QBPg7KKCeoA,MtpE3CH6vq3","bendio","Butaleja District"
"Namutumba District",2015-10-12,2015-12-12,"Bendiocarb",2015,NA,NA,"","","","2015-11",10,"esIUe2tQAtL","Busoga","akV6429SUqu,Wd1lV9Qdj4o,esIUe2tQAtL","bendio","Namutumba District"
"Pallisa District",2015-10-12,2015-12-12,"Bendiocarb",2015,NA,NA,"","","","2015-11",10,"WiVj4bEhX4P","Bukedi","akV6429SUqu,QBPg7KKCeoA,WiVj4bEhX4P","bendio","Pallisa District"
"Serere District",2015-10-12,2015-12-12,"Bendiocarb",2015,NA,NA,"","","","2015-11",10,"zJfpujxC1kD","Teso","akV6429SUqu,r0GhWtmPHDj,zJfpujxC1kD","bendio","Serere District"
"Serere District",2016-04-18,2016-06-09,"Actellic",2016,NA,NA,"","","","2016-05",16,"zJfpujxC1kD","Teso","akV6429SUqu,r0GhWtmPHDj,zJfpujxC1kD","actellic","Serere District"
"Bugiri District",2016-04-18,2016-06-09,"Actellic",2016,NA,NA,"","","","2016-05",16,"gUaoj8Geuao","Busoga","akV6429SUqu,Wd1lV9Qdj4o,gUaoj8Geuao","actellic","Bugiri District"
"Nwoya District",2009-04-01,2009-05-20,"DDT",2009,NA,NA,"PMI","Sheet from Rek + AI","","2009-04",-69,"zNgVoDVPYgD","Acholi","akV6429SUqu,SUvODYOcaVf,zNgVoDVPYgD",NA,"Nwoya District"
"Nwoya District",2009-10-01,2009-11-20,"DDT",2009,NA,NA,"PMI","Sheet from Rek + AI","","2009-10",-63,"zNgVoDVPYgD","Acholi","akV6429SUqu,SUvODYOcaVf,zNgVoDVPYgD",NA,"Nwoya District"
"Nwoya District",2010-04-01,2010-05-20,"DDT",2010,NA,NA,"PMI","Sheet from Rek + AI","","2010-04",-57,"zNgVoDVPYgD","Acholi","akV6429SUqu,SUvODYOcaVf,zNgVoDVPYgD",NA,"Nwoya District"
"Nwoya District",2010-10-01,2010-11-20,"DDT",2010,NA,NA,"PMI","Sheet from Rek + AI","","2010-10",-51,"zNgVoDVPYgD","Acholi","akV6429SUqu,SUvODYOcaVf,zNgVoDVPYgD",NA,"Nwoya District"
"Nwoya District",2011-04-01,2011-05-20,"pyrethroid",2011,NA,NA,"PMI","Sheet from Rek + AI","","2011-04",-45,"zNgVoDVPYgD","Acholi","akV6429SUqu,SUvODYOcaVf,zNgVoDVPYgD",NA,"Nwoya District"
"Nwoya District",2011-10-01,2011-11-20,"pyrethroid",2011,NA,NA,"PMI","Sheet from Rek + AI","","2011-10",-39,"zNgVoDVPYgD","Acholi","akV6429SUqu,SUvODYOcaVf,zNgVoDVPYgD",NA,"Nwoya District"
"Nwoya District",2012-04-01,2012-05-20,"pyrethroid",2012,NA,NA,"PMI","Sheet from Rek + AI","","2012-04",-33,"zNgVoDVPYgD","Acholi","akV6429SUqu,SUvODYOcaVf,zNgVoDVPYgD",NA,"Nwoya District"
"Nwoya District",2012-10-01,2012-11-20,"pyrethroid",2012,NA,NA,"PMI","Sheet from Rek + AI","","2012-10",-27,"zNgVoDVPYgD","Acholi","akV6429SUqu,SUvODYOcaVf,zNgVoDVPYgD",NA,"Nwoya District"
"Nwoya District",2013-04-01,2013-05-20,"Bendiocarb",2013,NA,NA,"PMI","Sheet from Rek + AI","","2013-04",-21,"zNgVoDVPYgD","Acholi","akV6429SUqu,SUvODYOcaVf,zNgVoDVPYgD","bendio","Nwoya District"
"Nwoya District",2013-10-01,2013-11-20,"Bendiocarb",2013,NA,NA,"PMI","Sheet from Rek + AI","","2013-10",-15,"zNgVoDVPYgD","Acholi","akV6429SUqu,SUvODYOcaVf,zNgVoDVPYgD","bendio","Nwoya District"
"Nwoya District",2014-04-01,2014-05-20,"Bendiocarb",2014,NA,NA,"PMI","Sheet from Rek + AI","","2014-04",-9,"zNgVoDVPYgD","Acholi","akV6429SUqu,SUvODYOcaVf,zNgVoDVPYgD","bendio","Nwoya District"
"Nwoya District",2014-10-01,2014-11-20,"Bendiocarb",2014,NA,NA,"PMI","Sheet from Rek + AI","","2014-10",-3,"zNgVoDVPYgD","Acholi","akV6429SUqu,SUvODYOcaVf,zNgVoDVPYgD","bendio","Nwoya District"
"Pader District",2010-12-01,2011-01-01,"Bendiocarb",2010,99.8,NA,"","https://www.ncbi.nlm.nih.gov/pmc/articles/PMC3752748/","","2010-12",-49,"aBrjuZk0W31","Acholi","akV6429SUqu,SUvODYOcaVf,aBrjuZk0W31","bendio","Pader District"
"Pader District",2011-04-01,2011-05-20,"Bendiocarb",2011,NA,NA,"PMI","Sheet from Rek + AI","","2011-04",-45,"aBrjuZk0W31","Acholi","akV6429SUqu,SUvODYOcaVf,aBrjuZk0W31","bendio","Pader District"
"Pader District",2011-10-01,2011-11-20,"Bendiocarb",2011,NA,NA,"PMI","Sheet from Rek + AI","","2011-10",-39,"aBrjuZk0W31","Acholi","akV6429SUqu,SUvODYOcaVf,aBrjuZk0W31","bendio","Pader District"
"Pader District",2012-04-01,2012-05-20,"Bendiocarb",2012,NA,NA,"PMI","Sheet from Rek + AI","","2012-04",-33,"aBrjuZk0W31","Acholi","akV6429SUqu,SUvODYOcaVf,aBrjuZk0W31","bendio","Pader District"
"Pader District",2012-10-01,2012-11-20,"Bendiocarb",2012,NA,NA,"PMI","Sheet from Rek + AI","","2012-10",-27,"aBrjuZk0W31","Acholi","akV6429SUqu,SUvODYOcaVf,aBrjuZk0W31","bendio","Pader District"
"Pader District",2013-04-01,2013-05-20,"Bendiocarb",2013,NA,NA,"PMI","Sheet from Rek + USAID 2014 report","","2013-04",-21,"aBrjuZk0W31","Acholi","akV6429SUqu,SUvODYOcaVf,aBrjuZk0W31","bendio","Pader District"
"Pader District",2013-10-01,2013-12-20,"Bendiocarb",2013,NA,NA,"PMI","Sheet from Rek + USAID 2014 report","","2013-11",-14,"aBrjuZk0W31","Acholi","akV6429SUqu,SUvODYOcaVf,aBrjuZk0W31","bendio","Pader District"
"Pader District",2014-04-01,2014-04-20,"Bendiocarb",2014,NA,NA,"","https://web.archive.org/web/20250202204856/https://pdf.usaid.gov/pdf_docs/PA00MV8B.pdf","","2014-04",-9,"aBrjuZk0W31","Acholi","akV6429SUqu,SUvODYOcaVf,aBrjuZk0W31","bendio","Pader District"
"Pader District",2014-10-20,2014-11-14,"Bendiocarb",2014,NA,0.949,"","https://web.archive.org/web/20250202204856/https://pdf.usaid.gov/pdf_docs/PA00MV8B.pdf","","2014-11",-2,"aBrjuZk0W31","Acholi","akV6429SUqu,SUvODYOcaVf,aBrjuZk0W31","bendio","Pader District"
"Kaberamaido",2017-04-01,2017-07-01,"Actellic",2017,NA,NA,"","USAID summarized by AI (can't check)","","2017-05",28,NA,NA,NA,"actellic","Kalaki"
"Agago District",2017-03-01,2017-04-01,"Actellic",2017,NA,NA,"","https://www.nature.com/articles/s41467-021-22896-5","","2017-03",26,"ztIyIYAzFKp","Acholi","akV6429SUqu,SUvODYOcaVf,ztIyIYAzFKp","actellic","Agago District"
"Alebtong District",2017-05-02,2017-06-06,"Actellic",2017,98.3,NA,"","https://journals.plos.org/globalpublichealth/article?id=10.1371/journal.pgph.0000676","","2017-05",28,"p7EEgDEX3jT","Lango","akV6429SUqu,DWPnYhoqza0,p7EEgDEX3jT","actellic","Alebtong District"
"Amolatar District",2017-05-02,2017-06-06,"Actellic",2017,95.8,NA,"","https://journals.plos.org/globalpublichealth/article?id=10.1371/journal.pgph.0000676","","2017-05",28,"ZuQHWOaFQVM","Lango","akV6429SUqu,DWPnYhoqza0,ZuQHWOaFQVM","actellic","Amolatar District"
"Amuru District",2017-03-01,2017-04-01,"Actellic",2017,NA,NA,"","https://www.nature.com/articles/s41467-021-22896-5","","2017-03",26,"C0RSe3EWBqU","Acholi","akV6429SUqu,SUvODYOcaVf,C0RSe3EWBqU","actellic","Amuru District"
"Budaka District",2017-04-01,2017-07-01,"Actellic",2017,NA,NA,"","USAID summarized by AI (can't check)","","2017-05",28,"kb7iUQISRlx","Bukedi","akV6429SUqu,QBPg7KKCeoA,kb7iUQISRlx","actellic","Budaka District"
"Alebtong District",2018-04-09,2018-05-12,"Actellic",2018,90.9,NA,"","https://journals.plos.org/globalpublichealth/article?id=10.1371/journal.pgph.0000676","","2018-04",39,"p7EEgDEX3jT","Lango","akV6429SUqu,DWPnYhoqza0,p7EEgDEX3jT","actellic","Alebtong District"
"Amolatar District",2018-04-09,2018-05-12,"Actellic",2018,96.1,NA,"","https://journals.plos.org/globalpublichealth/article?id=10.1371/journal.pgph.0000676","","2018-04",39,"ZuQHWOaFQVM","Lango","akV6429SUqu,DWPnYhoqza0,ZuQHWOaFQVM","actellic","Amolatar District"
"Dokolo District",2018-04-09,2018-05-12,"Actellic",2018,94.3,NA,"","https://journals.plos.org/globalpublichealth/article?id=10.1371/journal.pgph.0000676","","2018-04",39,"wMQ25dybdgH","Lango","akV6429SUqu,DWPnYhoqza0,wMQ25dybdgH","actellic","Dokolo District"
"Otuke District",2018-06-11,2018-07-27,"Actellic",2018,98.4,NA,"","https://journals.plos.org/globalpublichealth/article?id=10.1371/journal.pgph.0000676","","2018-07",42,"aXjub1BYn1y","Lango","akV6429SUqu,DWPnYhoqza0,aXjub1BYn1y","actellic","Otuke District"
"Tororo District",2018-06-11,2018-07-27,"Actellic",2018,95.8,NA,"PMI","https://journals.plos.org/globalpublichealth/article?id=10.1371/journal.pgph.0000676","","2018-07",42,"KhT80mlwJ3Y","Bukedi","akV6429SUqu,QBPg7KKCeoA,KhT80mlwJ3Y","actellic","Tororo District"
"Budaka District",2019-03-18,2019-04-15,"Actellic",2019,NA,NA,"PMI","https://pdf.usaid.gov/pdf_docs/PA00WQTX.pdf","","2019-04",51,"kb7iUQISRlx","Bukedi","akV6429SUqu,QBPg7KKCeoA,kb7iUQISRlx","actellic","Budaka District"
"Bugiri District",2019-03-18,2019-04-15,"Actellic",2019,NA,NA,"PMI","https://pdf.usaid.gov/pdf_docs/PA00WQTX.pdf","","2019-04",51,"gUaoj8Geuao","Busoga","akV6429SUqu,Wd1lV9Qdj4o,gUaoj8Geuao","actellic","Bugiri District"
"Butaleja District",2019-03-18,2019-04-15,"Actellic",2019,NA,NA,"PMI","https://pdf.usaid.gov/pdf_docs/PA00WQTX.pdf","","2019-04",51,"MtpE3CH6vq3","Bukedi","akV6429SUqu,QBPg7KKCeoA,MtpE3CH6vq3","actellic","Butaleja District"
"Butebo District",2019-03-18,2019-04-15,"Actellic",2019,NA,NA,"PMI","https://pdf.usaid.gov/pdf_docs/PA00WQTX.pdf","","2019-04",51,"FDPqRvcW3NN","Bukedi","akV6429SUqu,QBPg7KKCeoA,FDPqRvcW3NN","actellic","Butebo District"
"Kibuku District",2019-03-18,2019-04-15,"Actellic",2019,NA,NA,"PMI","https://pdf.usaid.gov/pdf_docs/PA00WQTX.pdf","","2019-04",51,"Oyxwe3iDqpR","Bukedi","akV6429SUqu,QBPg7KKCeoA,Oyxwe3iDqpR","actellic","Kibuku District"
"Namutumba District",2019-03-18,2019-04-15,"Actellic",2019,NA,NA,"PMI","https://pdf.usaid.gov/pdf_docs/PA00WQTX.pdf","","2019-04",51,"esIUe2tQAtL","Busoga","akV6429SUqu,Wd1lV9Qdj4o,esIUe2tQAtL","actellic","Namutumba District"
"Pallisa District",2019-03-18,2019-04-15,"Actellic",2019,NA,NA,"PMI","https://pdf.usaid.gov/pdf_docs/PA00WQTX.pdf","","2019-04",51,"WiVj4bEhX4P","Bukedi","akV6429SUqu,QBPg7KKCeoA,WiVj4bEhX4P","actellic","Pallisa District"
"Tororo District",2019-03-18,2019-04-15,"Actellic",2019,92.1,NA,"PMI","https://journals.plos.org/globalpublichealth/article?id=10.1371/journal.pgph.0000676","","2019-04",51,"KhT80mlwJ3Y","Bukedi","akV6429SUqu,QBPg7KKCeoA,KhT80mlwJ3Y","actellic","Tororo District"
"Alebtong District",2019-05-27,2019-06-27,"Actellic",2019,95,NA,"DFID/FCDO","https://journals.plos.org/globalpublichealth/article?id=10.1371/journal.pgph.0000676","","2019-06",53,"p7EEgDEX3jT","Lango","akV6429SUqu,DWPnYhoqza0,p7EEgDEX3jT","actellic","Alebtong District"
"Amolatar District",2019-05-27,2019-06-27,"Actellic",2019,94.2,NA,"DFID/FCDO","https://journals.plos.org/globalpublichealth/article?id=10.1371/journal.pgph.0000676","","2019-06",53,"ZuQHWOaFQVM","Lango","akV6429SUqu,DWPnYhoqza0,ZuQHWOaFQVM","actellic","Amolatar District"
"Dokolo District",2019-05-27,2019-06-27,"Sumishield",2019,95.2,NA,"DFID/FCDO","https://journals.plos.org/globalpublichealth/article?id=10.1371/journal.pgph.0000676","","2019-06",53,"wMQ25dybdgH","Lango","akV6429SUqu,DWPnYhoqza0,wMQ25dybdgH","ff","Dokolo District"
"Kaberamaido District",2019-05-27,2019-06-27,"Actellic",2019,NA,NA,"DFID/FCDO","https://pdf.usaid.gov/pdf_docs/PA00WQTX.pdf","","2019-06",53,"QoRZB7xc3j9","Teso","akV6429SUqu,r0GhWtmPHDj,QoRZB7xc3j9","actellic","Kaberamaido District"
"Lira District",2019-05-27,2019-06-27,"Sumishield",2019,NA,NA,"PMI","https://pdf.usaid.gov/pdf_docs/PA00WQTX.pdf","","2019-06",53,"Lj8t70RYnEt","Lango","akV6429SUqu,DWPnYhoqza0,Lj8t70RYnEt","ff","Lira District"
"Otuke District",2019-05-27,2019-06-27,"Actellic",2019,98.8,NA,"DFID/FCDO","https://journals.plos.org/globalpublichealth/article?id=10.1371/journal.pgph.0000676","","2019-06",53,"aXjub1BYn1y","Lango","akV6429SUqu,DWPnYhoqza0,aXjub1BYn1y","actellic","Otuke District"
"Serere District",2019-05-27,2019-06-27,"Actellic",2019,NA,NA,"PMI","https://pdf.usaid.gov/pdf_docs/PA00WQTX.pdf","","2019-06",53,"zJfpujxC1kD","Teso","akV6429SUqu,r0GhWtmPHDj,zJfpujxC1kD","actellic","Serere District"
"Budaka District",2017-10-01,2017-11-01,"Actellic",2017,NA,NA,"","USAID summarized by AI (can't check)","","2017-10",33,"kb7iUQISRlx","Bukedi","akV6429SUqu,QBPg7KKCeoA,kb7iUQISRlx","actellic","Budaka District"
"Bugiri District",2017-04-01,2017-07-01,"Actellic",2017,NA,NA,"","USAID summarized by AI (can't check)","","2017-05",28,"gUaoj8Geuao","Busoga","akV6429SUqu,Wd1lV9Qdj4o,gUaoj8Geuao","actellic","Bugiri District"
"Dokolo District",2017-05-02,2017-06-06,"Actellic",2017,97.6,NA,"","https://journals.plos.org/globalpublichealth/article?id=10.1371/journal.pgph.0000676","","2017-05",28,"wMQ25dybdgH","Lango","akV6429SUqu,DWPnYhoqza0,wMQ25dybdgH","actellic","Dokolo District"
"Gulu District",2017-03-01,2017-04-01,"Actellic",2017,NA,NA,"","https://www.nature.com/articles/s41467-021-22896-5","","2017-03",26,"Gwk4wkLz7EW","Acholi","akV6429SUqu,SUvODYOcaVf,Gwk4wkLz7EW","actellic","Gulu District"
"Kaberamaido",2017-04-01,2017-07-01,"Actellic",2017,NA,NA,"","USAID summarized by AI (can't check)","","2017-05",28,NA,NA,NA,"actellic","Kaberamaido"
"Kibuku District",2017-04-01,2017-07-01,"Actellic",2017,NA,NA,"","USAID summarized by AI (can't check)","","2017-05",28,"Oyxwe3iDqpR","Bukedi","akV6429SUqu,QBPg7KKCeoA,Oyxwe3iDqpR","actellic","Kibuku District"
"Kitgum District",2017-03-01,2017-04-01,"Actellic",2017,NA,NA,"","https://www.nature.com/articles/s41467-021-22896-5","","2017-03",26,"pnTVIF5v27r","Acholi","akV6429SUqu,SUvODYOcaVf,pnTVIF5v27r","actellic","Kitgum District"
"Kole District",2017-03-01,2017-04-01,"Actellic",2017,NA,NA,"","https://www.nature.com/articles/s41467-021-22896-5","","2017-03",26,"Y4LV8xqkv6J","Lango","akV6429SUqu,DWPnYhoqza0,Y4LV8xqkv6J","actellic","Kole District"
"Kwania District",2017-03-01,2017-04-01,"Actellic",2017,NA,NA,"","https://www.nature.com/articles/s41467-021-22896-5","","2017-03",26,"gCN6sU5BjlR","Lango","akV6429SUqu,DWPnYhoqza0,gCN6sU5BjlR","actellic","Kwania District"
"Lamwo District",2017-03-01,2017-04-01,"Actellic",2017,NA,NA,"","https://www.nature.com/articles/s41467-021-22896-5","","2017-03",26,"xy0M4HhjXtD","Acholi","akV6429SUqu,SUvODYOcaVf,xy0M4HhjXtD","actellic","Lamwo District"
"Lira District",2017-04-01,2017-07-01,"Actellic",2017,NA,NA,"","USAID summarized by AI (can't check)","","2017-05",28,"Lj8t70RYnEt","Lango","akV6429SUqu,DWPnYhoqza0,Lj8t70RYnEt","actellic","Lira District"
"Omoro District",2017-03-01,2017-04-01,"Actellic",2017,NA,NA,"","https://www.nature.com/articles/s41467-021-22896-5","","2017-03",26,"S5fvUXgY54J","Acholi","akV6429SUqu,SUvODYOcaVf,S5fvUXgY54J","actellic","Omoro District"
"Otuke District",2017-07-17,2017-08-19,"Actellic",2017,96.7,NA,"","https://journals.plos.org/globalpublichealth/article?id=10.1371/journal.pgph.0000676","","2017-08",31,"aXjub1BYn1y","Lango","akV6429SUqu,DWPnYhoqza0,aXjub1BYn1y","actellic","Otuke District"
"Oyam District",2017-03-01,2017-04-01,"Actellic",2017,NA,NA,"","https://www.nature.com/articles/s41467-021-22896-5","","2017-03",26,"xpIFdCMhVHG","Lango","akV6429SUqu,DWPnYhoqza0,xpIFdCMhVHG","actellic","Oyam District"
"Pallisa District",2017-04-01,2017-07-01,"Actellic",2017,NA,NA,"","USAID summarized by AI (can't check)","","2017-05",28,"WiVj4bEhX4P","Bukedi","akV6429SUqu,QBPg7KKCeoA,WiVj4bEhX4P","actellic","Pallisa District"
"Serere District",2017-05-02,2017-06-06,"Actellic",2017,NA,NA,"","USAID summarized by AI (can't check)","","2017-05",28,"zJfpujxC1kD","Teso","akV6429SUqu,r0GhWtmPHDj,zJfpujxC1kD","actellic","Serere District"
"Tororo District",2017-07-17,2017-08-19,"Actellic",2017,94.9,NA,"PMI","https://journals.plos.org/globalpublichealth/article?id=10.1371/journal.pgph.0000676","","2017-08",31,"KhT80mlwJ3Y","Bukedi","akV6429SUqu,QBPg7KKCeoA,KhT80mlwJ3Y","actellic","Tororo District"
"Pader District",2017-03-01,2017-04-01,"Actellic",2017,NA,NA,"","https://www.nature.com/articles/s41467-021-22896-5","","2017-03",26,"aBrjuZk0W31","Acholi","akV6429SUqu,SUvODYOcaVf,aBrjuZk0W31","actellic","Pader District"
"Budaka District",2018-04-09,2018-05-12,"Actellic",2018,NA,NA,"","Rek sheet + AI read of PMI report","","2018-04",39,"kb7iUQISRlx","Bukedi","akV6429SUqu,QBPg7KKCeoA,kb7iUQISRlx","actellic","Budaka District"
"Butaleja District",2018-04-09,2018-05-12,"Actellic",2018,NA,NA,"","Rek sheet + AI read of PMI report","","2018-04",39,"MtpE3CH6vq3","Bukedi","akV6429SUqu,QBPg7KKCeoA,MtpE3CH6vq3","actellic","Butaleja District"
"Butebo District",2018-04-09,2018-05-12,"Actellic",2018,NA,NA,"","Rek sheet + AI read of PMI report","","2018-04",39,"FDPqRvcW3NN","Bukedi","akV6429SUqu,QBPg7KKCeoA,FDPqRvcW3NN","actellic","Butebo District"
"Namutumba District",2018-04-09,2018-05-12,"Actellic",2018,NA,NA,"","Rek sheet + AI read of PMI report","","2018-04",39,"esIUe2tQAtL","Busoga","akV6429SUqu,Wd1lV9Qdj4o,esIUe2tQAtL","actellic","Namutumba District"
"Pallisa District",2018-04-09,2018-05-12,"Actellic",2018,NA,NA,"","Rek sheet + AI read of PMI report","","2018-04",39,"WiVj4bEhX4P","Bukedi","akV6429SUqu,QBPg7KKCeoA,WiVj4bEhX4P","actellic","Pallisa District"
"Bugiri District",2018-06-11,2018-07-27,"Actellic",2018,NA,NA,"","Rek sheet + AI read of PMI report","","2018-07",42,"gUaoj8Geuao","Busoga","akV6429SUqu,Wd1lV9Qdj4o,gUaoj8Geuao","actellic","Bugiri District"
"Kaberamaido District",2018-06-11,2018-07-27,"Actellic",2018,NA,NA,"","Rek sheet + AI read of PMI report","","2018-07",42,"QoRZB7xc3j9","Teso","akV6429SUqu,r0GhWtmPHDj,QoRZB7xc3j9","actellic","Kaberamaido District"
"Kibuku District",2018-06-11,2018-07-27,"Actellic",2018,NA,NA,"","Rek sheet + AI read of PMI report","","2018-07",42,"Oyxwe3iDqpR","Bukedi","akV6429SUqu,QBPg7KKCeoA,Oyxwe3iDqpR","actellic","Kibuku District"
"Lira District",2018-06-11,2018-07-27,"Actellic",2018,NA,NA,"","Rek sheet + AI read of PMI report","","2018-07",42,"Lj8t70RYnEt","Lango","akV6429SUqu,DWPnYhoqza0,Lj8t70RYnEt","actellic","Lira District"
"Serere District",2018-06-11,2018-07-27,"Actellic",2018,NA,NA,"","Rek sheet + AI read of PMI report","","2018-07",42,"zJfpujxC1kD","Teso","akV6429SUqu,r0GhWtmPHDj,zJfpujxC1kD","actellic","Serere District"
"Budaka District",2020-03-02,2020-03-28,"Fludora Fusion",2020,NA,NA,"PMI","https://pdf.usaid.gov/pdf_docs/PA00X48W.pdf","","2020-03",62,"kb7iUQISRlx","Bukedi","akV6429SUqu,QBPg7KKCeoA,kb7iUQISRlx","ff","Budaka District"
"Bugiri District",2020-03-02,2020-03-28,"Fludora Fusion",2020,NA,NA,"PMI","https://pdf.usaid.gov/pdf_docs/PA00X48W.pdf","","2020-03",62,"gUaoj8Geuao","Busoga","akV6429SUqu,Wd1lV9Qdj4o,gUaoj8Geuao","ff","Bugiri District"
"Butaleja District",2020-03-02,2020-03-28,"Fludora Fusion",2020,NA,NA,"PMI","https://pdf.usaid.gov/pdf_docs/PA00X48W.pdf","","2020-03",62,"MtpE3CH6vq3","Bukedi","akV6429SUqu,QBPg7KKCeoA,MtpE3CH6vq3","ff","Butaleja District"
"Butebo District",2020-03-02,2020-03-28,"Fludora Fusion",2020,NA,NA,"PMI","https://pdf.usaid.gov/pdf_docs/PA00X48W.pdf","","2020-03",62,"FDPqRvcW3NN","Bukedi","akV6429SUqu,QBPg7KKCeoA,FDPqRvcW3NN","ff","Butebo District"
"Kibuku District",2020-03-02,2020-03-28,"Fludora Fusion",2020,NA,NA,"PMI","https://pdf.usaid.gov/pdf_docs/PA00X48W.pdf","","2020-03",62,"Oyxwe3iDqpR","Bukedi","akV6429SUqu,QBPg7KKCeoA,Oyxwe3iDqpR","ff","Kibuku District"
"Namutumba District",2020-03-02,2020-03-28,"Fludora Fusion",2020,NA,NA,"PMI","https://pdf.usaid.gov/pdf_docs/PA00X48W.pdf","","2020-03",62,"esIUe2tQAtL","Busoga","akV6429SUqu,Wd1lV9Qdj4o,esIUe2tQAtL","ff","Namutumba District"
"Pallisa District",2020-03-02,2020-03-28,"Fludora Fusion",2020,NA,NA,"PMI","https://pdf.usaid.gov/pdf_docs/PA00X48W.pdf","","2020-03",62,"WiVj4bEhX4P","Bukedi","akV6429SUqu,QBPg7KKCeoA,WiVj4bEhX4P","ff","Pallisa District"
"Tororo District",2020-03-02,2020-03-28,"Fludora Fusion",2020,93.2,NA,"PMI","https://journals.plos.org/globalpublichealth/article?id=10.1371/journal.pgph.0000676","","2020-03",62,"KhT80mlwJ3Y","Bukedi","akV6429SUqu,QBPg7KKCeoA,KhT80mlwJ3Y","ff","Tororo District"
"Alebtong District",2020-05-25,2020-06-20,"Fludora Fusion",2020,95.5,NA,"DFID/FCDO","https://journals.plos.org/globalpublichealth/article?id=10.1371/journal.pgph.0000676","","2020-06",65,"p7EEgDEX3jT","Lango","akV6429SUqu,DWPnYhoqza0,p7EEgDEX3jT","ff","Alebtong District"
"Amolatar District",2020-05-25,2020-06-20,"Fludora Fusion",2020,96.2,NA,"DFID/FCDO","https://journals.plos.org/globalpublichealth/article?id=10.1371/journal.pgph.0000676","","2020-06",65,"ZuQHWOaFQVM","Lango","akV6429SUqu,DWPnYhoqza0,ZuQHWOaFQVM","ff","Amolatar District"
"Dokolo District",2020-05-25,2020-06-20,"Fludora Fusion",2020,94.6,NA,"DFID/FCDO","https://journals.plos.org/globalpublichealth/article?id=10.1371/journal.pgph.0000676","","2020-06",65,"wMQ25dybdgH","Lango","akV6429SUqu,DWPnYhoqza0,wMQ25dybdgH","ff","Dokolo District"
"Kaberamaido District",2020-05-25,2020-06-20,"Fludora Fusion",2020,NA,NA,"DFID/FCDO","https://pdf.usaid.gov/pdf_docs/PA00X48W.pdf","","2020-06",65,"QoRZB7xc3j9","Teso","akV6429SUqu,r0GhWtmPHDj,QoRZB7xc3j9","ff","Kaberamaido District"
"Lira District",2020-05-25,2020-06-20,"Fludora Fusion",2020,NA,NA,"PMI","https://pdf.usaid.gov/pdf_docs/PA00X48W.pdf","","2020-06",65,"Lj8t70RYnEt","Lango","akV6429SUqu,DWPnYhoqza0,Lj8t70RYnEt","ff","Lira District"
"Otuke District",2020-05-25,2020-06-20,"Fludora Fusion",2020,96.5,NA,"DFID/FCDO","https://journals.plos.org/globalpublichealth/article?id=10.1371/journal.pgph.0000676","","2020-06",65,"aXjub1BYn1y","Lango","akV6429SUqu,DWPnYhoqza0,aXjub1BYn1y","ff","Otuke District"
"Serere District",2020-05-25,2020-06-20,"Fludora Fusion",2020,NA,NA,"PMI","https://pdf.usaid.gov/pdf_docs/PA00X48W.pdf","","2020-06",65,"zJfpujxC1kD","Teso","akV6429SUqu,r0GhWtmPHDj,zJfpujxC1kD","ff","Serere District"
"Budaka District",2021-03-01,2021-03-27,"Fludora Fusion",2021,NA,NA,"PMI","https://pdf.usaid.gov/pdf_docs/PA00Z2TK.pdf","","2021-03",74,"kb7iUQISRlx","Bukedi","akV6429SUqu,QBPg7KKCeoA,kb7iUQISRlx","ff","Budaka District"
"Bugiri District",2021-03-01,2021-03-27,"Fludora Fusion",2021,NA,NA,"PMI","https://pdf.usaid.gov/pdf_docs/PA00Z2TK.pdf","","2021-03",74,"gUaoj8Geuao","Busoga","akV6429SUqu,Wd1lV9Qdj4o,gUaoj8Geuao","ff","Bugiri District"
"Butaleja District",2021-03-01,2021-03-27,"Fludora Fusion",2021,NA,NA,"PMI","https://pdf.usaid.gov/pdf_docs/PA00Z2TK.pdf","","2021-03",74,"MtpE3CH6vq3","Bukedi","akV6429SUqu,QBPg7KKCeoA,MtpE3CH6vq3","ff","Butaleja District"
"Butebo District",2021-03-01,2021-03-27,"Fludora Fusion",2021,NA,NA,"PMI","https://pdf.usaid.gov/pdf_docs/PA00Z2TK.pdf","","2021-03",74,"FDPqRvcW3NN","Bukedi","akV6429SUqu,QBPg7KKCeoA,FDPqRvcW3NN","ff","Butebo District"
"Kibuku District",2021-03-01,2021-03-27,"Fludora Fusion",2021,NA,NA,"PMI","https://pdf.usaid.gov/pdf_docs/PA00Z2TK.pdf","","2021-03",74,"Oyxwe3iDqpR","Bukedi","akV6429SUqu,QBPg7KKCeoA,Oyxwe3iDqpR","ff","Kibuku District"
"Namutumba District",2021-03-01,2021-03-27,"Fludora Fusion",2021,NA,NA,"PMI","https://pdf.usaid.gov/pdf_docs/PA00Z2TK.pdf","","2021-03",74,"esIUe2tQAtL","Busoga","akV6429SUqu,Wd1lV9Qdj4o,esIUe2tQAtL","ff","Namutumba District"
"Pallisa District",2021-03-01,2021-03-27,"Fludora Fusion",2021,NA,NA,"PMI","https://pdf.usaid.gov/pdf_docs/PA00Z2TK.pdf","","2021-03",74,"WiVj4bEhX4P","Bukedi","akV6429SUqu,QBPg7KKCeoA,WiVj4bEhX4P","ff","Pallisa District"
"Tororo District",2021-03-01,2021-03-27,"Fludora Fusion",2021,99.4,NA,"PMI","https://journals.plos.org/globalpublichealth/article?id=10.1371/journal.pgph.0000676","","2021-03",74,"KhT80mlwJ3Y","Bukedi","akV6429SUqu,QBPg7KKCeoA,KhT80mlwJ3Y","ff","Tororo District"
"Amolatar District",2021-04-26,2021-05-22,"Fludora Fusion",2021,91.5,NA,"DFID/FCDO","https://journals.plos.org/globalpublichealth/article?id=10.1371/journal.pgph.0000676","","2021-05",76,"ZuQHWOaFQVM","Lango","akV6429SUqu,DWPnYhoqza0,ZuQHWOaFQVM","ff","Amolatar District"
"Dokolo District",2021-04-26,2021-05-22,"Fludora Fusion",2021,91,NA,"DFID/FCDO","https://journals.plos.org/globalpublichealth/article?id=10.1371/journal.pgph.0000676","","2021-05",76,"wMQ25dybdgH","Lango","akV6429SUqu,DWPnYhoqza0,wMQ25dybdgH","ff","Dokolo District"
"Kaberamaido District",2021-04-26,2021-05-22,"Fludora Fusion",2021,NA,NA,"DFID/FCDO","https://pdf.usaid.gov/pdf_docs/PA00Z2TK.pdf","","2021-05",76,"QoRZB7xc3j9","Teso","akV6429SUqu,r0GhWtmPHDj,QoRZB7xc3j9","ff","Kaberamaido District"
"Kalaki District",2021-04-26,2021-05-22,"Fludora Fusion",2021,NA,NA,"DFID/FCDO","https://pdf.usaid.gov/pdf_docs/PA00Z2TK.pdf","","2021-05",76,"KOnkIf4N6jA","Teso","akV6429SUqu,r0GhWtmPHDj,KOnkIf4N6jA","ff","Kalaki District"
"Lira District",2021-04-26,2021-05-22,"Fludora Fusion",2021,NA,NA,"PMI","https://pdf.usaid.gov/pdf_docs/PA00Z2TK.pdf","","2021-05",76,"Lj8t70RYnEt","Lango","akV6429SUqu,DWPnYhoqza0,Lj8t70RYnEt","ff","Lira District"
"Serere District",2021-04-26,2021-05-22,"Fludora Fusion",2021,NA,NA,"PMI","https://pdf.usaid.gov/pdf_docs/PA00Z2TK.pdf","","2021-05",76,"zJfpujxC1kD","Teso","akV6429SUqu,r0GhWtmPHDj,zJfpujxC1kD","ff","Serere District"
"Budaka District",2022-02-28,2022-03-26,"Fludora Fusion",2022,NA,NA,"PMI","https://pdf.usaid.gov/pdf_docs/PA00ZHQH.pdf","","2022-03",86,"kb7iUQISRlx","Bukedi","akV6429SUqu,QBPg7KKCeoA,kb7iUQISRlx","ff","Budaka District"
"Bugiri District",2022-02-28,2022-03-26,"Sumishield",2022,NA,NA,"PMI","https://pdf.usaid.gov/pdf_docs/PA00ZHQH.pdf","","2022-03",86,"gUaoj8Geuao","Busoga","akV6429SUqu,Wd1lV9Qdj4o,gUaoj8Geuao","ff","Bugiri District"
"Butaleja District",2022-02-28,2022-03-26,"Fludora Fusion",2022,NA,NA,"PMI","https://pdf.usaid.gov/pdf_docs/PA00ZHQH.pdf","","2022-03",86,"MtpE3CH6vq3","Bukedi","akV6429SUqu,QBPg7KKCeoA,MtpE3CH6vq3","ff","Butaleja District"
"Butebo District",2022-02-28,2022-03-26,"Fludora Fusion",2022,NA,NA,"PMI","https://pdf.usaid.gov/pdf_docs/PA00ZHQH.pdf","","2022-03",86,"FDPqRvcW3NN","Bukedi","akV6429SUqu,QBPg7KKCeoA,FDPqRvcW3NN","ff","Butebo District"
"Lira District",2022-02-28,2022-03-26,"Fludora Fusion",2022,NA,NA,"PMI","https://pdf.usaid.gov/pdf_docs/PA00ZHQH.pdf","","2022-03",86,"Lj8t70RYnEt","Lango","akV6429SUqu,DWPnYhoqza0,Lj8t70RYnEt","ff","Lira District"
"Namutumba District",2022-02-28,2022-03-26,"Fludora Fusion",2022,NA,NA,"PMI","https://pdf.usaid.gov/pdf_docs/PA00ZHQH.pdf","","2022-03",86,"esIUe2tQAtL","Busoga","akV6429SUqu,Wd1lV9Qdj4o,esIUe2tQAtL","ff","Namutumba District"
"Pallisa District",2022-02-28,2022-03-26,"Fludora Fusion",2022,NA,NA,"PMI","https://pdf.usaid.gov/pdf_docs/PA00ZHQH.pdf","","2022-03",86,"WiVj4bEhX4P","Bukedi","akV6429SUqu,QBPg7KKCeoA,WiVj4bEhX4P","ff","Pallisa District"
"Serere District",2022-02-28,2022-03-26,"Fludora Fusion",2022,NA,NA,"PMI","https://pdf.usaid.gov/pdf_docs/PA00ZHQH.pdf","","2022-03",86,"zJfpujxC1kD","Teso","akV6429SUqu,r0GhWtmPHDj,zJfpujxC1kD","ff","Serere District"
"Tororo District",2022-02-28,2022-03-26,"Sumishield",2022,NA,NA,"PMI","https://journals.plos.org/globalpublichealth/article?id=10.1371/journal.pgph.0000676","","2022-03",86,"KhT80mlwJ3Y","Bukedi","akV6429SUqu,QBPg7KKCeoA,KhT80mlwJ3Y","ff","Tororo District"
"Koboko District",2022-09-08,2022-09-08,"Fludora Fusion",2022,NA,NA,"Global Fund","https://uniph.go.ug/the-launch-of-indoor-residual-spraying-in-west-nile-region-uganda-8th-september-2022/","","2022-09",92,"iqsaGItA68C","West Nile","akV6429SUqu,BD3XaQ7cQAp,iqsaGItA68C","ff","Koboko District"
"Adjumani District",2022-11-01,2022-11-29,"Fludora Fusion",2022,NA,NA,"","https://x.com/MalariaYouthUG/status/1704904405701865826","https://uniph.go.ug/the-launch-of-indoor-residual-spraying-in-west-nile-region-uganda-8th-september-2022/","2022-11",94,"QYiQ2KqgCxj","West Nile","akV6429SUqu,BD3XaQ7cQAp,QYiQ2KqgCxj","ff","Adjumani District"
"Amolatar District",2022-11-01,2022-11-29,"Sumishield",2022,NA,NA,"","https://x.com/MalariaYouthUG/status/1704904405701865826","","2022-11",94,"ZuQHWOaFQVM","Lango","akV6429SUqu,DWPnYhoqza0,ZuQHWOaFQVM","ff","Amolatar District"
"Arua District",2022-11-01,2022-11-29,"Fludora Fusion",2022,NA,NA,"","https://x.com/MalariaYouthUG/status/1704904405701865826","https://uniph.go.ug/the-launch-of-indoor-residual-spraying-in-west-nile-region-uganda-8th-september-2022/","2022-11",94,"WcB3kLlgRTb","West Nile","akV6429SUqu,BD3XaQ7cQAp,WcB3kLlgRTb","ff","Arua District"
"Dokolo District",2022-11-01,2022-11-29,"Sumishield",2022,NA,NA,"","https://x.com/MalariaYouthUG/status/1704904405701865826","","2022-11",94,"wMQ25dybdgH","Lango","akV6429SUqu,DWPnYhoqza0,wMQ25dybdgH","ff","Dokolo District"
"Kaberamaido District",2022-11-01,2022-11-29,"Sumishield",2022,NA,NA,"","https://x.com/MalariaYouthUG/status/1704904405701865826","","2022-11",94,"QoRZB7xc3j9","Teso","akV6429SUqu,r0GhWtmPHDj,QoRZB7xc3j9","ff","Kaberamaido District"
"Kalaki District",2022-11-01,2022-11-29,"Sumishield",2022,NA,NA,"","https://x.com/MalariaYouthUG/status/1704904405701865826","","2022-11",94,"KOnkIf4N6jA","Teso","akV6429SUqu,r0GhWtmPHDj,KOnkIf4N6jA","ff","Kalaki District"
"Koboko District",2022-11-01,2022-11-29,"Sumishield",2022,NA,NA,"","https://x.com/MalariaYouthUG/status/1704904405701865826","","2022-11",94,"iqsaGItA68C","West Nile","akV6429SUqu,BD3XaQ7cQAp,iqsaGItA68C","ff","Koboko District"
"Madi-Okollo District",2022-11-01,2022-11-29,"Fludora Fusion",2022,NA,NA,"Global Fund","https://uniph.go.ug/the-launch-of-indoor-residual-spraying-in-west-nile-region-uganda-8th-september-2022/","","2022-11",94,"bLoH4VbxCGI","West Nile","akV6429SUqu,BD3XaQ7cQAp,bLoH4VbxCGI","ff","Madi-Okollo District"
"Maracha District",2022-11-01,2022-11-29,"Fludora Fusion",2022,NA,NA,"Global Fund","https://uniph.go.ug/the-launch-of-indoor-residual-spraying-in-west-nile-region-uganda-8th-september-2022/","","2022-11",94,"WyR8Eetj7Uw","West Nile","akV6429SUqu,BD3XaQ7cQAp,WyR8Eetj7Uw","ff","Maracha District"
"Moyo District",2022-11-01,2022-11-29,"Fludora Fusion",2022,NA,NA,"Global Fund","https://uniph.go.ug/the-launch-of-indoor-residual-spraying-in-west-nile-region-uganda-8th-september-2022/","","2022-11",94,"W0kQBddyGyh","West Nile","akV6429SUqu,BD3XaQ7cQAp,W0kQBddyGyh","ff","Moyo District"
"Obongi District",2022-11-01,2022-11-29,"Fludora Fusion",2022,NA,NA,"Global Fund","https://uniph.go.ug/the-launch-of-indoor-residual-spraying-in-west-nile-region-uganda-8th-september-2022/","","2022-11",94,"uTMUclQ5bi6","West Nile","akV6429SUqu,BD3XaQ7cQAp,uTMUclQ5bi6","ff","Obongi District"
"Terego District",2022-11-01,2022-11-29,"Fludora Fusion",2022,NA,NA,"Global Fund","https://uniph.go.ug/the-launch-of-indoor-residual-spraying-in-west-nile-region-uganda-8th-september-2022/","","2022-11",94,"bJgx6UjvyoP","West Nile","akV6429SUqu,BD3XaQ7cQAp,bJgx6UjvyoP","ff","Terego District"
"Yumbe District",2022-11-01,2022-11-29,"Fludora Fusion",2022,NA,NA,"Global Fund","https://uniph.go.ug/the-launch-of-indoor-residual-spraying-in-west-nile-region-uganda-8th-september-2022/","","2022-11",94,"W1JM2Qdhcv3","West Nile","akV6429SUqu,BD3XaQ7cQAp,W1JM2Qdhcv3","ff","Yumbe District"
"Budaka District",2023-02-20,2023-03-20,"Actellic",2023,NA,NA,"","Rek","","2023-03",98,"kb7iUQISRlx","Bukedi","akV6429SUqu,QBPg7KKCeoA,kb7iUQISRlx","actellic","Budaka District"
"Bugiri District",2023-02-20,2023-03-20,"Actellic",2023,NA,NA,"","Rek","","2023-03",98,"gUaoj8Geuao","Busoga","akV6429SUqu,Wd1lV9Qdj4o,gUaoj8Geuao","actellic","Bugiri District"
"Butaleja District",2023-02-20,2023-03-20,"Actellic",2023,NA,NA,"","Rek","","2023-03",98,"MtpE3CH6vq3","Bukedi","akV6429SUqu,QBPg7KKCeoA,MtpE3CH6vq3","actellic","Butaleja District"
"Namutumba District",2023-02-20,2023-03-20,"Actellic",2023,NA,NA,"","Rek","","2023-03",98,"esIUe2tQAtL","Busoga","akV6429SUqu,Wd1lV9Qdj4o,esIUe2tQAtL","actellic","Namutumba District"
"Pallisa District",2023-02-20,2023-03-20,"Actellic",2023,NA,NA,"","Rek","","2023-03",98,"WiVj4bEhX4P","Bukedi","akV6429SUqu,QBPg7KKCeoA,WiVj4bEhX4P","actellic","Pallisa District"
"Tororo District",2023-02-20,2023-03-20,"Actellic",2023,NA,NA,"","Rek","","2023-03",98,"KhT80mlwJ3Y","Bukedi","akV6429SUqu,QBPg7KKCeoA,KhT80mlwJ3Y","actellic","Tororo District"
"Butebo District",2023-02-28,2023-03-28,"Actellic",2023,NA,NA,"","Rek","","2023-03",98,"FDPqRvcW3NN","Bukedi","akV6429SUqu,QBPg7KKCeoA,FDPqRvcW3NN","actellic","Butebo District"
"Dokolo District",2023-09-29,2023-11-30,"Actellic",2023,NA,NA,"","https://x.com/MinofHealthUG/status/1707699249276764250","","2023-10",105,"wMQ25dybdgH","Lango","akV6429SUqu,DWPnYhoqza0,wMQ25dybdgH","actellic","Dokolo District"
"Kaberamaido District",2023-09-29,2023-11-30,"Actellic",2023,NA,NA,"","https://x.com/MinofHealthUG/status/1707699249276764250","","2023-10",105,"QoRZB7xc3j9","Teso","akV6429SUqu,r0GhWtmPHDj,QoRZB7xc3j9","actellic","Kaberamaido District"
"Kalaki District",2023-09-29,2023-11-30,"Actellic",2023,NA,NA,"","https://x.com/MinofHealthUG/status/1707699249276764250","","2023-10",105,"KOnkIf4N6jA","Teso","akV6429SUqu,r0GhWtmPHDj,KOnkIf4N6jA","actellic","Kalaki District"
"Adjumani District",2023-12-01,2023-12-29,"Actellic",2023,NA,NA,"","Rek","","2023-12",107,"QYiQ2KqgCxj","West Nile","akV6429SUqu,BD3XaQ7cQAp,QYiQ2KqgCxj","actellic","Adjumani District"
"Arua District",2023-12-01,2023-12-29,"Actellic",2023,NA,NA,"","Rek","","2023-12",107,"WcB3kLlgRTb","West Nile","akV6429SUqu,BD3XaQ7cQAp,WcB3kLlgRTb","actellic","Arua District"
"Koboko District",2023-12-01,2023-12-29,"Actellic",2023,NA,NA,"","Rek","","2023-12",107,"iqsaGItA68C","West Nile","akV6429SUqu,BD3XaQ7cQAp,iqsaGItA68C","actellic","Koboko District"
"Madi-Okollo District",2023-12-01,2023-12-29,"Actellic",2023,NA,NA,"","Rek","","2023-12",107,"bLoH4VbxCGI","West Nile","akV6429SUqu,BD3XaQ7cQAp,bLoH4VbxCGI","actellic","Madi-Okollo District"
"Maracha District",2023-12-01,2023-12-29,"Actellic",2023,NA,NA,"","Rek","","2023-12",107,"WyR8Eetj7Uw","West Nile","akV6429SUqu,BD3XaQ7cQAp,WyR8Eetj7Uw","actellic","Maracha District"
"Moyo District",2023-12-01,2023-12-29,"Actellic",2023,NA,NA,"","Rek","","2023-12",107,"W0kQBddyGyh","West Nile","akV6429SUqu,BD3XaQ7cQAp,W0kQBddyGyh","actellic","Moyo District"
"Obongi District",2023-12-01,2023-12-29,"Actellic",2023,NA,NA,"","Rek","","2023-12",107,"uTMUclQ5bi6","West Nile","akV6429SUqu,BD3XaQ7cQAp,uTMUclQ5bi6","actellic","Obongi District"
"Terego District",2023-12-01,2023-12-29,"Actellic",2023,NA,NA,"","Rek","","2023-12",107,"bJgx6UjvyoP","West Nile","akV6429SUqu,BD3XaQ7cQAp,bJgx6UjvyoP","actellic","Terego District"
"Yumbe District",2023-12-01,2023-12-29,"Actellic",2023,NA,NA,"","Rek","","2023-12",107,"W1JM2Qdhcv3","West Nile","akV6429SUqu,BD3XaQ7cQAp,W1JM2Qdhcv3","actellic","Yumbe District"
"Amolatar District",2023-12-11,2024-01-10,"Actellic",2023,NA,NA,"","file:///C:/Users/dhergott/Downloads/Malaria%20Bulletin%20-%20Epi%20Week%209.pdf","","2023-12",107,"ZuQHWOaFQVM","Lango","akV6429SUqu,DWPnYhoqza0,ZuQHWOaFQVM","actellic","Amolatar District"
"Dokolo District",2023-12-11,2024-01-10,"Actellic",2023,NA,NA,"","Rek- TO CONFIRM!","","2023-12",107,"wMQ25dybdgH","Lango","akV6429SUqu,DWPnYhoqza0,wMQ25dybdgH","actellic","Dokolo District"
"Adjumani District",2024-12-01,2024-12-29,"Actellic",2024,NA,NA,"","Rek","","2024-12",119,"QYiQ2KqgCxj","West Nile","akV6429SUqu,BD3XaQ7cQAp,QYiQ2KqgCxj","actellic","Adjumani District"
"Arua District",2024-12-01,2024-12-29,"Actellic",2024,NA,NA,"","Rek","","2024-12",119,"WcB3kLlgRTb","West Nile","akV6429SUqu,BD3XaQ7cQAp,WcB3kLlgRTb","actellic","Arua District"
"Budaka District",2024-03-11,2024-04-08,"Actellic",2024,NA,NA,"","Rek","","2024-03",110,"kb7iUQISRlx","Bukedi","akV6429SUqu,QBPg7KKCeoA,kb7iUQISRlx","actellic","Budaka District"
"Bugiri District",2024-03-11,2024-04-08,"Actellic",2024,NA,NA,"","Rek","","2024-03",110,"gUaoj8Geuao","Busoga","akV6429SUqu,Wd1lV9Qdj4o,gUaoj8Geuao","actellic","Bugiri District"
"Butaleja District",2024-03-11,2024-04-08,"Actellic",2024,NA,NA,"","Rek","","2024-03",110,"MtpE3CH6vq3","Bukedi","akV6429SUqu,QBPg7KKCeoA,MtpE3CH6vq3","actellic","Butaleja District"
"Butebo District",2024-03-11,2024-04-08,"Actellic",2024,NA,NA,"","Rek","","2024-03",110,"FDPqRvcW3NN","Bukedi","akV6429SUqu,QBPg7KKCeoA,FDPqRvcW3NN","actellic","Butebo District"
"Kaberamaido District",2024-12-13,2025-01-10,"Actellic",2024,NA,NA,"","Rek?","","2024-12",119,"QoRZB7xc3j9","Teso","akV6429SUqu,r0GhWtmPHDj,QoRZB7xc3j9","actellic","Kaberamaido District"
"Kalaki District",2024-12-13,2025-01-10,"Prallethrin",2024,NA,NA,"","https://patriots.co.ug/kalaki-residents-hail-malaria-reduction-efforts-through-indoor-residual-spraying-program/","","2024-12",119,"KOnkIf4N6jA","Teso","akV6429SUqu,r0GhWtmPHDj,KOnkIf4N6jA","pyrethroid","Kalaki District"
"Koboko District",2024-12-01,2024-12-29,"Actellic",2024,NA,NA,"","Rek","","2024-12",119,"iqsaGItA68C","West Nile","akV6429SUqu,BD3XaQ7cQAp,iqsaGItA68C","actellic","Koboko District"
"Madi-Okollo District",2024-12-01,2024-12-29,"Actellic",2024,NA,NA,"","Rek","","2024-12",119,"bLoH4VbxCGI","West Nile","akV6429SUqu,BD3XaQ7cQAp,bLoH4VbxCGI","actellic","Madi-Okollo District"
"Maracha District",2024-12-01,2024-12-29,"Actellic",2024,NA,NA,"","Rek","","2024-12",119,"WyR8Eetj7Uw","West Nile","akV6429SUqu,BD3XaQ7cQAp,WyR8Eetj7Uw","actellic","Maracha District"
"Moyo District",2024-12-01,2024-12-29,"Actellic",2024,NA,NA,"","Rek","","2024-12",119,"W0kQBddyGyh","West Nile","akV6429SUqu,BD3XaQ7cQAp,W0kQBddyGyh","actellic","Moyo District"
"Namutumba District",2024-03-11,2024-04-08,"Actellic",2024,NA,NA,"","Rek","","2024-03",110,"esIUe2tQAtL","Busoga","akV6429SUqu,Wd1lV9Qdj4o,esIUe2tQAtL","actellic","Namutumba District"
"Obongi District",2024-12-01,2024-12-29,"Actellic",2024,NA,NA,"","Rek","","2024-12",119,"uTMUclQ5bi6","West Nile","akV6429SUqu,BD3XaQ7cQAp,uTMUclQ5bi6","actellic","Obongi District"
"Pallisa District",2024-03-11,2024-04-08,"Actellic",2024,NA,NA,"","Rek","","2024-03",110,"WiVj4bEhX4P","Bukedi","akV6429SUqu,QBPg7KKCeoA,WiVj4bEhX4P","actellic","Pallisa District"
"Terego District",2024-12-01,2024-12-29,"Actellic",2024,NA,NA,"","Rek","","2024-12",119,"bJgx6UjvyoP","West Nile","akV6429SUqu,BD3XaQ7cQAp,bJgx6UjvyoP","actellic","Terego District"
"Tororo District",2024-03-11,2024-04-08,"Actellic",2024,NA,NA,"","Rek","","2024-03",110,"KhT80mlwJ3Y","Bukedi","akV6429SUqu,QBPg7KKCeoA,KhT80mlwJ3Y","actellic","Tororo District"
"Yumbe District",2024-12-01,2024-12-29,"Actellic",2024,NA,NA,"","Rek","","2024-12",119,"W1JM2Qdhcv3","West Nile","akV6429SUqu,BD3XaQ7cQAp,W1JM2Qdhcv3","actellic","Yumbe District"
